report_id,timestamp,zone,latitude,longitude,incident_type,description,source_type,corroborating_report_count,responder_status,location_precision,media_type,ground_truth,department,permit_impact,status,last_updated
RPT-00001,2026-09-04 13:50:34.027103+00:00,South District,28.507921,77.181506,Water Contamination,Blue-green algae bloom observed in reservoir; water supply may be affected.,Department Report,7,Pending,High,Photo,TRUE,Water Department,Critical,Pending,2026-09-04 13:58:06.310260+00:00
RPT-00002,2026-09-04 15:55:29.100327+00:00,Central District,28.63025,77.219149,Medical Emergency,Person found unresponsive; bystanders performing CPR; ambulance en route.,Emergency Call,1,Verified,High,Photo,TRUE,Emergency Services,,Verified,2026-09-04 16:39:32.102628+00:00
RPT-00003,2026-09-04 06:55:28.271509+00:00,Old Town,28.642424,77.226359,Road Flooding,Standing water blocking access road; multiple vehicles stranded.,Sensor,9,Rejected,Unknown,Photo,TRUE,Emergency Services,High,Rejected,2026-09-04 16:39:33.157664+00:00
RPT-00004,2026-09-04 14:25:22.646239+00:00,South District,28.491982,77.189021,Structural Damage,Overhead bridge shows signs of structural instability; area cordoned off.,Citizen Report,4,Needs Review,Medium,Photo,TRUE,Emergency Services,Medium,Needs Review,2026-09-04 14:29:51.941661+00:00
RPT-00005,2026-09-04 10:24:36.707650+00:00,West District,28.633853,76.932363,Water Contamination,Possible sewage intrusion into potable water supply reported.,Sensor,5,Needs Review,High,Photo,TRUE,Medical Services,High,Pending,2026-09-04 11:28:42.139040+00:00
RPT-00006,2026-09-03 23:51:41.047589+00:00,Central District,28.629881,77.21154,Structural Damage,Overhead bridge shows signs of structural instability; area cordoned off.,Department Report,8,Verified,Medium,Unavailable,UNKNOWN,Public Works,Medium,Verified,2026-09-04 00:38:00.659556+00:00
RPT-00007,2026-09-04 15:41:35.699575+00:00,Industrial Zone,28.573335,77.074397,Medical Emergency,Emergency call received about a person trapped and showing signs of distress.,Field Responder,5,Verified,Exact,Unavailable,TRUE,Medical Services,Low,Verified,2026-09-04 15:44:55.093490+00:00
RPT-00008,2026-09-04 13:56:47.909762+00:00,South District,28.505784,77.172657,Structural Damage,Possible structural damage observed near a residential building following tremors.,Department Report,2,Verified,High,,UNKNOWN,Public Works,High,Verified,2026-09-04 14:08:28.887702+00:00
RPT-00009,2026-09-04 14:32:39.714883+00:00,Central District,28.630295,77.225926,Power Outage,Substation tripped due to flooding; restoration time unknown.,Emergency Call,4,Rejected,High,,TRUE,Emergency Services,Low,Rejected,2026-09-04 14:56:36.017156+00:00
RPT-00010,2026-09-04 15:06:26.206024+00:00,Industrial Zone,28.596143,77.075507,Evacuation Needed,Evacuation shelters at capacity; additional sites urgently required.,Department Report,17,Pending,Low,,TRUE,Public Works,Critical,Needs Review,2026-09-04 15:15:20.967890+00:00
RPT-00011,2026-09-04 14:03:42.405350+00:00,South District,28.499088,77.175965,Road Flooding,Residents report rapidly rising water levels along the service road.,Citizen Report,3,Needs Review,High,Photo,TRUE,Public Works,High,Pending,2026-09-04 14:23:06.260793+00:00
RPT-00012,2026-09-02 05:06:35.364485+00:00,Industrial Zone,28.581189,77.083698,Medical Emergency,Injured person found in flooded basement; rescue and medical support needed.,Citizen Report,5,Pending,Medium,Video,TRUE,Emergency Services,Low,Pending,2026-09-02 07:02:18.999996+00:00
RPT-00013,,East District,28.614299,77.353809,Medical Emergency,Injured person found in flooded basement; rescue and medical support needed.,Emergency Call,5,Rejected,Medium,,UNKNOWN,Medical Services,,Rejected,
RPT-00014,2026-09-02 09:44:08.081648+00:00,Old Town,28.656097,77.235918,Medical Emergency,Caller reports two unconscious individuals at the site.,Emergency Call,2,Pending,Medium,Audio,TRUE,Medical Services,Low,Needs Review,2026-09-02 22:28:34.227389+00:00
RPT-00015,2026-09-04 13:43:17.079118+00:00,West District,28.650323,76.94743,Power Outage,Substation tripped due to flooding; restoration time unknown.,Emergency Call,17,Verified,Medium,Unavailable,UNKNOWN,Electricity Department,,Verified,2026-09-04 14:03:38.772180+00:00
RPT-00016,2026-09-03 20:28:04.159283+00:00,South District,28.512122,77.174409,Medical Emergency,Injured person found in flooded basement; rescue and medical support needed.,Department Report,5,Verified,Exact,Unavailable,TRUE,Medical Services,Low,Verified,2026-09-04 00:39:12.545240+00:00
RPT-00017,2026-09-04 15:05:17.389406+00:00,Central District,28.616695,77.224886,Structural Damage,Building foundation appears compromised; residents evacuated as precaution.,Field Responder,1,Pending,High,Photo,TRUE,Disaster Management,Critical,Pending,2026-09-04 15:06:21.339648+00:00
RPT-00018,2026-09-03 16:29:39.042121+00:00,Old Town,28.658759,77.221909,Structural Damage,Old structure shows severe erosion damage; engineer inspection required.,Department Report,4,Rejected,Exact,,TRUE,Disaster Management,Critical,Rejected,2026-09-03 22:45:16.471151+00:00
RPT-00019,2026-09-04 15:51:55.944181+00:00,West District,28.638909,76.943392,Power Outage,Electricity supply disrupted; hospitals on backup generators.,Department Report,4,Verified,Low,Unavailable,UNKNOWN,Public Works,,Verified,2026-09-04 15:52:07.725834+00:00
RPT-00020,2026-09-01 17:47:02.312498+00:00,Industrial Zone,28.576746,77.078399,Medical Emergency,Child with respiratory symptoms reported; possible exposure to contaminant.,Emergency Call,3,Needs Review,Exact,Unavailable,TRUE,Emergency Services,,Pending,2026-09-01 18:37:25.472547+00:00
RPT-00021,2026-09-02 06:18:41.113581+00:00,South District,28.492232,77.192226,Structural Damage,Building foundation appears compromised; residents evacuated as precaution.,Emergency Call,2,Needs Review,High,,TRUE,Public Works,Medium,Needs Review,2026-09-02 13:25:49.644518+00:00
RPT-00022,2026-09-03 07:39:00.628559+00:00,South District,28.497921,77.182269,Water Contamination,Water samples show elevated turbidity following pipeline damage.,Field Responder,5,Needs Review,Exact,Photo,TRUE,Emergency Services,High,Needs Review,2026-09-03 10:20:59.043005+00:00
RPT-00023,2026-09-04 15:47:59.230937+00:00,Riverside,28.667453,77.265294,Power Outage,Transformer explosion reported; area in complete darkness.,Emergency Call,7,Verified,High,Photo,UNKNOWN,Electricity Department,Low,Verified,2026-09-04 15:48:54.912225+00:00
RPT-00024,2026-09-02 16:49:14.419663+00:00,South District,28.490155,77.19039,Evacuation Needed,Rising floodwater threatening neighbourhood; evacuation in progress.,Emergency Call,14,Verified,Low,Video,UNKNOWN,Emergency Services,High,Verified,2026-09-03 02:11:59.858813+00:00
RPT-00025,2026-09-04 12:44:42.466872+00:00,Central District,28.627341,77.213839,Power Outage,Multiple residents report loss of electrical power in the neighbourhood.,Department Report,14,Verified,Exact,Unavailable,UNKNOWN,Electricity Department,Low,Verified,2026-09-04 13:16:18.386318+00:00
RPT-00026,,Industrial Zone,28.582191,77.068281,Structural Damage,Partial collapse of boundary wall after last night's storm.,Citizen Report,3,Verified,High,Unavailable,UNKNOWN,Emergency Services,Critical,Verified,
RPT-00027,2026-09-03 03:53:29.263459+00:00,Riverside,28.678209,77.278187,Power Outage,Street lighting out; increased security risk in affected area.,Sensor,2,Needs Review,Exact,Photo,TRUE,Electricity Department,,Pending,2026-09-03 13:28:37.264111+00:00
RPT-00028,2026-09-04 15:53:11.866614+00:00,Industrial Zone,28.574618,77.080232,Water Contamination,Illegal industrial discharge suspected to have contaminated water source.,Sensor,13,Rejected,Low,,TRUE,Public Works,Medium,Rejected,2026-09-04 15:54:08.945683+00:00
RPT-00029,2026-09-04 14:34:58.878014+00:00,Riverside,28.678017,77.266096,Medical Emergency,Severe trauma case reported by field responder; air evacuation may be needed.,Department Report,5,Pending,Medium,Unavailable,TRUE,Emergency Services,,Needs Review,2026-09-04 14:53:48.591133+00:00
RPT-00030,2026-09-04 15:19:28.241940+00:00,Central District,28.621182,77.224666,Structural Damage,Field responder confirms structural cracks on load-bearing column.,Field Responder,1,Pending,Medium,Video,TRUE,Emergency Services,Critical,Pending,2026-09-04 15:24:08.016792+00:00
RPT-00031,2026-09-02 02:47:27.012884+00:00,North District,28.752797,77.13207,Medical Emergency,Severe trauma case reported by field responder; air evacuation may be needed.,Department Report,2,Verified,Medium,,TRUE,Emergency Services,,Verified,2026-09-02 12:39:56.879472+00:00
RPT-00032,,Old Town,28.655981,77.236302,Structural Damage,Old structure shows severe erosion damage; engineer inspection required.,Sensor,6,Needs Review,Medium,Unavailable,UNKNOWN,Disaster Management,Critical,Needs Review,
RPT-00033,2026-09-03 08:55:35.756248+00:00,North District,28.759142,77.12639,Evacuation Needed,Chemical leak nearby necessitates immediate area evacuation.,Citizen Report,13,Verified,High,Photo,TRUE,Disaster Management,Critical,Verified,2026-09-03 15:55:31.181095+00:00
RPT-00034,2026-09-04 15:54:39.000955+00:00,Old Town,28.660933,77.230908,Road Flooding,"Floodwater covering the intersection, depth estimated at 30 cm.",Emergency Call,12,Pending,Low,Photo,TRUE,Disaster Management,Low,Pending,2026-09-04 15:54:46.574213+00:00
RPT-00035,2026-09-04 10:19:00.568491+00:00,Old Town,28.652442,77.220272,Structural Damage,Building foundation appears compromised; residents evacuated as precaution.,Field Responder,1,Pending,Exact,,UNKNOWN,Public Works,High,Pending,2026-09-04 10:57:03.437989+00:00
RPT-00036,2026-09-04 12:35:02.416148+00:00,West District,28.65104,76.96028,Water Contamination,Illegal industrial discharge suspected to have contaminated water source.,Emergency Call,9,Verified,Unknown,,TRUE,Water Department,High,Verified,2026-09-04 13:26:29.874800+00:00
RPT-00037,2026-09-04 04:13:45.040488+00:00,Old Town,28.65364,77.223813,Power Outage,Power lines down across the main avenue; risk of electrocution.,Emergency Call,20,Verified,Low,Photo,UNKNOWN,Public Works,Low,Verified,2026-09-04 07:19:44.138533+00:00
RPT-00038,2026-09-03 15:42:54.731466+00:00,Industrial Zone,28.575657,77.088799,Evacuation Needed,Evacuation shelters at capacity; additional sites urgently required.,Emergency Call,11,Verified,Low,Photo,UNKNOWN,Emergency Services,Critical,Verified,2026-09-03 15:47:20.410738+00:00
RPT-00039,2026-09-04 12:03:21.194028+00:00,Industrial Zone,28.5679,77.081063,Water Contamination,Sensor alert: pH level outside safe range in distribution main.,Field Responder,5,Pending,Low,Unavailable,TRUE,Water Department,Medium,Pending,2026-09-04 12:40:33.447489+00:00
RPT-00040,2026-09-03 15:41:59.833698+00:00,Riverside,28.667374,77.275294,Evacuation Needed,Evacuation order issued for industrial zone due to hazardous spill.,Emergency Call,13,Pending,Exact,,TRUE,Emergency Services,High,Pending,2026-09-03 19:59:20.462334+00:00
RPT-00041,2026-09-04 01:36:52.137539+00:00,West District,28.637831,76.959066,Road Flooding,Residents report rapidly rising water levels along the service road.,Emergency Call,0,Rejected,Unknown,Photo,TRUE,Public Works,Medium,Rejected,2026-09-04 05:20:56.960987+00:00
RPT-00042,2026-09-04 13:44:04.174396+00:00,Central District,28.623653,77.221648,Road Flooding,Emergency vehicles unable to reach destination due to flooded road.,Citizen Report,1,Verified,High,Photo,TRUE,Emergency Services,Low,Verified,2026-09-04 13:50:00.994026+00:00
RPT-00043,2026-09-01 16:36:24.717579+00:00,West District,28.650007,76.961519,Road Flooding,Emergency vehicles unable to reach destination due to flooded road.,Field Responder,6,Pending,Unknown,Audio,TRUE,Public Works,High,Pending,2026-09-01 23:08:34.090801+00:00
RPT-00044,2026-09-04 12:47:02.011304+00:00,West District,28.635579,76.944438,Road Flooding,Standing water blocking access road; multiple vehicles stranded.,Citizen Report,1,Needs Review,Medium,Photo,TRUE,Public Works,High,Pending,2026-09-04 13:00:13.252658+00:00
RPT-00045,2026-09-04 15:54:26.814556+00:00,South District,28.491299,77.154844,Medical Emergency,Person found unresponsive; bystanders performing CPR; ambulance en route.,Department Report,5,Needs Review,Medium,Audio,UNKNOWN,Medical Services,,Pending,2026-09-04 15:54:45.271265+00:00
RPT-00046,2026-09-04 13:50:43.690616+00:00,South District,28.491649,77.181997,Medical Emergency,Person found unresponsive; bystanders performing CPR; ambulance en route.,Citizen Report,4,Needs Review,Medium,Video,TRUE,Emergency Services,,Pending,2026-09-04 13:59:23.746529+00:00
RPT-00047,2026-09-04 13:35:02.254415+00:00,Central District,28.620963,77.213741,Road Flooding,Flooding on underpass reported by commuters; immediate attention needed.,Citizen Report,4,Needs Review,Unknown,,FALSE,Disaster Management,Medium,Pending,2026-09-04 13:49:51.005130+00:00
RPT-00048,2026-09-02 00:51:53.390295+00:00,East District,28.614085,77.363489,Road Flooding,"Heavy water accumulation reported near the main road, vehicles unable to pass.",Emergency Call,1,Needs Review,Unknown,,TRUE,Public Works,Medium,Pending,2026-09-02 16:28:36.362399+00:00
RPT-00049,2026-09-03 05:01:59.760877+00:00,Old Town,28.652354,77.232005,Evacuation Needed,Rising floodwater threatening neighbourhood; evacuation in progress.,Emergency Call,4,Pending,Low,Unavailable,TRUE,Public Works,Critical,Pending,2026-09-03 12:20:50.012053+00:00
RPT-00050,2026-09-03 01:03:22.125148+00:00,West District,28.638274,76.941647,Evacuation Needed,Evacuation order issued for industrial zone due to hazardous spill.,Field Responder,6,Verified,Low,Unavailable,TRUE,Emergency Services,High,Verified,2026-09-03 09:25:02.478856+00:00
RPT-00051,2026-09-04 10:12:42.968197+00:00,Old Town,28.65856,77.229445,Medical Emergency,Medical assistance reportedly required near the intersection.,Department Report,0,Verified,Medium,Audio,FALSE,Medical Services,,Verified,2026-09-04 11:05:08.887003+00:00
RPT-00052,2026-09-04 14:28:41.904972+00:00,Old Town,28.658459,77.225112,Power Outage,Power lines down across the main avenue; risk of electrocution.,Citizen Report,14,Verified,Medium,Photo,TRUE,Emergency Services,Medium,Verified,2026-09-04 14:43:50.075173+00:00
RPT-00053,2026-09-02 00:15:08.512191+00:00,North District,28.745299,77.132355,Medical Emergency,Severe trauma case reported by field responder; air evacuation may be needed.,Citizen Report,1,Verified,High,Photo,TRUE,Emergency Services,,Verified,2026-09-02 08:39:58.184602+00:00
RPT-00054,2026-09-02 01:13:56.442108+00:00,East District,28.610149,77.357817,Road Flooding,Flooding on underpass reported by commuters; immediate attention needed.,Citizen Report,9,Needs Review,Exact,Photo,UNKNOWN,Emergency Services,Medium,Needs Review,2026-09-02 08:22:55.964776+00:00
RPT-00055,2026-09-04 15:10:29.508760+00:00,North District,28.744588,77.114094,Medical Emergency,Child with respiratory symptoms reported; possible exposure to contaminant.,Field Responder,5,Verified,Exact,Audio,TRUE,Emergency Services,,Verified,2026-09-04 15:10:53.708397+00:00
RPT-00056,2026-09-03 01:06:10.405903+00:00,Riverside,28.668415,77.272382,Power Outage,Power lines down across the main avenue; risk of electrocution.,Emergency Call,4,Verified,Exact,Video,TRUE,Electricity Department,,Verified,2026-09-03 07:53:56.017898+00:00
RPT-00057,,Old Town,28.654978,77.230824,Power Outage,Electricity supply disrupted; hospitals on backup generators.,Citizen Report,13,Rejected,Exact,Photo,TRUE,Electricity Department,Low,Rejected,
RPT-00058,2026-09-04 15:44:29.111261+00:00,West District,28.655675,76.949923,Power Outage,Multiple residents report loss of electrical power in the neighbourhood.,Sensor,20,Verified,Low,,TRUE,Emergency Services,Low,Verified,2026-09-04 15:45:57.815342+00:00
RPT-00059,2026-09-02 14:26:34.611087+00:00,North District,28.763996,77.109433,Water Contamination,Water samples show elevated turbidity following pipeline damage.,Citizen Report,11,Needs Review,Unknown,Photo,FALSE,Medical Services,Medium,Pending,2026-09-03 02:53:37.529180+00:00
RPT-00060,2026-09-02 00:06:09.107289+00:00,North District,28.746098,77.132062,Water Contamination,Blue-green algae bloom observed in reservoir; water supply may be affected.,Emergency Call,6,Needs Review,Exact,Video,TRUE,Water Department,High,Needs Review,2026-09-02 07:06:36.488187+00:00
RPT-00061,2026-09-01 17:16:21.868181+00:00,Central District,28.642363,77.210118,Structural Damage,Old structure shows severe erosion damage; engineer inspection required.,Citizen Report,2,Needs Review,Exact,Video,UNKNOWN,Emergency Services,Medium,Needs Review,2026-09-02 13:46:53.841793+00:00
RPT-00062,2026-09-02 20:53:45.751043+00:00,North District,28.749534,77.126138,Medical Emergency,Injured person found in flooded basement; rescue and medical support needed.,Field Responder,5,Verified,Medium,Video,TRUE,Emergency Services,,Verified,2026-09-03 08:43:02.513221+00:00
RPT-00063,2026-09-04 14:45:29.601449+00:00,Old Town,28.65843,77.227256,Water Contamination,Water department confirms contamination in sector; do-not-drink advisory issued.,Field Responder,5,Rejected,Exact,,TRUE,Water Department,Medium,Rejected,2026-09-04 14:53:49.385641+00:00
RPT-00064,2026-09-04 13:00:16.123075+00:00,Industrial Zone,28.570107,77.072607,Water Contamination,Water department confirms contamination in sector; do-not-drink advisory issued.,Field Responder,1,Verified,Low,,TRUE,Emergency Services,High,Verified,2026-09-04 13:19:29.467071+00:00
RPT-00065,2026-09-03 17:52:24.175100+00:00,Riverside,28.672984,77.27179,Water Contamination,Pipe burst near waste facility; contamination risk flagged by engineers.,Sensor,11,Verified,High,Unavailable,TRUE,Public Works,Critical,Verified,2026-09-03 18:42:26.400869+00:00
RPT-00066,2026-09-04 10:45:17.546007+00:00,West District,28.627455,76.940541,Evacuation Needed,Mandatory evacuation ordered for low-lying residential blocks.,Department Report,11,Needs Review,Exact,,UNKNOWN,Public Works,High,Needs Review,2026-09-04 10:55:34.186619+00:00
RPT-00067,2026-09-03 00:04:30.806338+00:00,West District,28.63879,76.949055,Power Outage,Repeated fluctuations followed by complete outage; residents concerned.,Department Report,18,Pending,Exact,,TRUE,Emergency Services,Low,Pending,2026-09-03 01:22:47.064780+00:00
RPT-00068,2026-09-04 13:31:01.494719+00:00,North District,28.746882,77.094009,Evacuation Needed,Multiple elderly residents require assisted evacuation support.,Sensor,20,Rejected,Low,Unavailable,UNKNOWN,Public Works,High,Rejected,2026-09-04 14:02:12.542045+00:00
RPT-00069,2026-09-04 02:23:51.361457+00:00,East District,28.625877,77.353217,Evacuation Needed,Evacuation order issued for industrial zone due to hazardous spill.,Sensor,17,Verified,Medium,Unavailable,TRUE,Disaster Management,Critical,Verified,2026-09-04 05:03:33.370445+00:00
RPT-00070,2026-09-04 14:01:48.512205+00:00,Industrial Zone,28.575052,77.0819,Structural Damage,House wall leaning dangerously; occupants requested to vacate premises.,Citizen Report,12,Verified,High,Unavailable,TRUE,Emergency Services,Critical,Verified,2026-09-04 14:25:31.804471+00:00
RPT-00071,2026-09-02 00:39:17.450495+00:00,South District,28.499672,77.168419,Medical Emergency,Emergency call received about a person trapped and showing signs of distress.,Emergency Call,3,Verified,Exact,Unavailable,TRUE,Emergency Services,,Verified,2026-09-02 14:20:47.433985+00:00
RPT-00072,2026-09-02 02:10:07.278734+00:00,South District,28.493896,77.176097,Power Outage,Street lighting out; increased security risk in affected area.,Citizen Report,13,Needs Review,High,,TRUE,Public Works,Medium,Pending,2026-09-02 20:13:51.620224+00:00
RPT-00073,2026-09-04 15:43:53.268630+00:00,North District,28.738657,77.108883,Water Contamination,Sensor alert: pH level outside safe range in distribution main.,Citizen Report,13,Pending,Exact,,TRUE,Medical Services,Critical,Pending,2026-09-04 15:46:06.276462+00:00
RPT-00074,2026-09-02 18:35:53.376790+00:00,North District,28.760309,77.128044,Water Contamination,Possible sewage intrusion into potable water supply reported.,Field Responder,6,Verified,Low,Unavailable,TRUE,Medical Services,Medium,Verified,2026-09-03 06:36:58.443904+00:00
RPT-00075,2026-09-04 15:46:45.748962+00:00,North District,28.746336,77.111507,Evacuation Needed,Evacuation order issued for industrial zone due to hazardous spill.,Citizen Report,9,Needs Review,Low,Audio,TRUE,Disaster Management,Critical,Needs Review,2026-09-04 15:48:34.363013+00:00
RPT-00076,2026-09-04 12:13:34.712903+00:00,West District,28.63144,76.958272,Road Flooding,Drainage overflow causing road flooding; pedestrian safety at risk.,Citizen Report,12,Needs Review,High,Photo,TRUE,Public Works,Low,Pending,2026-09-04 12:22:14.094929+00:00
RPT-00077,2026-09-03 06:22:52.060207+00:00,Riverside,28.677155,77.275223,Evacuation Needed,Mandatory evacuation ordered for low-lying residential blocks.,Field Responder,13,Verified,High,Audio,TRUE,Disaster Management,High,Verified,2026-09-03 07:32:27.466453+00:00
RPT-00078,2026-09-04 15:06:17.211395+00:00,Old Town,28.660314,77.218273,Structural Damage,Partial collapse of boundary wall after last night's storm.,Field Responder,6,Pending,Exact,Unavailable,TRUE,Public Works,High,Pending,2026-09-04 15:11:20.863431+00:00
RPT-00079,2026-09-03 22:15:26.224828+00:00,West District,28.646159,76.944833,Road Flooding,Residents report rapidly rising water levels along the service road.,Citizen Report,3,Pending,Low,Photo,UNKNOWN,Public Works,Medium,Pending,2026-09-04 02:21:33.014776+00:00
RPT-00080,2026-09-02 18:54:54.810843+00:00,Old Town,28.650838,77.218738,Evacuation Needed,Rising floodwater threatening neighbourhood; evacuation in progress.,Sensor,5,Verified,Medium,,TRUE,Emergency Services,Critical,Verified,2026-09-02 23:40:12.013653+00:00
RPT-00081,2026-09-04 13:20:43.745562+00:00,North District,28.767685,77.127926,Medical Emergency,Elderly resident collapsed; ambulance requested immediately.,Emergency Call,3,Needs Review,Medium,,TRUE,Emergency Services,,Needs Review,2026-09-04 13:23:37.717073+00:00
RPT-00082,2026-09-04 10:51:03.852111+00:00,South District,28.493848,77.179789,Power Outage,Multiple residents report loss of electrical power in the neighbourhood.,Sensor,7,Verified,Low,Video,UNKNOWN,Emergency Services,Medium,Verified,2026-09-04 11:53:21.651067+00:00
RPT-00083,2026-09-04 14:00:19.657068+00:00,Riverside,28.671632,77.271076,Water Contamination,Sensor alert: pH level outside safe range in distribution main.,Field Responder,2,Verified,Medium,Video,TRUE,Public Works,High,Verified,2026-09-04 14:24:45.729071+00:00
RPT-00084,2026-09-04 15:23:00.488652+00:00,South District,28.496444,77.19086,Water Contamination,Illegal industrial discharge suspected to have contaminated water source.,Citizen Report,11,Verified,Unknown,Photo,TRUE,Water Department,Critical,Verified,2026-09-04 15:25:11.295451+00:00
RPT-00085,2026-09-04 14:29:11.217529+00:00,East District,28.633654,77.358991,Structural Damage,Partial collapse of boundary wall after last night's storm.,Field Responder,2,Verified,Exact,,TRUE,Disaster Management,High,Verified,2026-09-04 14:45:37.981536+00:00
RPT-00086,2026-09-03 02:59:38.037310+00:00,Industrial Zone,28.572445,77.090567,Road Flooding,Flooding on underpass reported by commuters; immediate attention needed.,Sensor,3,Verified,High,Audio,TRUE,Disaster Management,Medium,Verified,2026-09-03 12:15:08.608969+00:00
RPT-00087,2026-09-04 12:27:50.690731+00:00,Old Town,28.651207,77.231164,Evacuation Needed,Evacuation order issued for industrial zone due to hazardous spill.,Citizen Report,22,Needs Review,Low,Unavailable,TRUE,Emergency Services,High,Pending,2026-09-04 13:26:27.031866+00:00
RPT-00088,2026-09-04 12:27:11.099643+00:00,South District,28.500657,77.170454,Power Outage,Complete power failure affecting an estimated 500 households.,Emergency Call,16,Needs Review,Low,,TRUE,Electricity Department,,Needs Review,2026-09-04 12:51:29.075084+00:00
RPT-00089,2026-09-04 11:29:15.130163+00:00,Riverside,28.676936,77.26517,Road Flooding,"Heavy water accumulation reported near the main road, vehicles unable to pass.",Emergency Call,7,Needs Review,Medium,Photo,UNKNOWN,Public Works,Medium,Needs Review,2026-09-04 12:41:59.827353+00:00
RPT-00090,2026-09-04 15:49:12.306909+00:00,Industrial Zone,28.584545,77.084666,Structural Damage,Partial collapse of boundary wall after last night's storm.,Citizen Report,7,Needs Review,Exact,Photo,TRUE,Public Works,High,Pending,2026-09-04 15:49:45.972951+00:00
RPT-00091,2026-09-04 12:23:13.611317+00:00,Riverside,28.670246,77.276218,Road Flooding,Low-lying road completely inundated following storm surge.,Citizen Report,8,Verified,High,Audio,UNKNOWN,Public Works,High,Verified,2026-09-04 12:53:22.108189+00:00
RPT-00092,2026-09-04 14:20:07.546727+00:00,North District,28.747669,77.12351,Power Outage,Sensor network confirms power failure across the grid sector.,Sensor,13,Verified,Medium,,UNKNOWN,Electricity Department,,Verified,2026-09-04 14:33:37.189068+00:00
RPT-00093,2026-09-04 10:41:14.297505+00:00,South District,28.494923,77.151876,Structural Damage,Possible structural damage observed near a residential building following tremors.,Field Responder,0,Verified,High,Video,TRUE,Public Works,Medium,Verified,2026-09-04 11:26:04.417375+00:00
RPT-00094,2026-09-04 14:29:16.113572+00:00,Central District,28.62349,77.230907,Structural Damage,Old structure shows severe erosion damage; engineer inspection required.,Citizen Report,6,Pending,Exact,Video,TRUE,Emergency Services,High,Needs Review,2026-09-04 14:38:55.790494+00:00
RPT-00095,2026-09-04 12:14:40.073616+00:00,Industrial Zone,28.588601,77.085688,Road Flooding,Flooding on underpass reported by commuters; immediate attention needed.,Citizen Report,1,Needs Review,High,Audio,TRUE,Emergency Services,Low,Pending,2026-09-04 13:00:39.699447+00:00
RPT-00096,2026-09-04 14:38:08.435775+00:00,Riverside,28.666791,77.265765,Water Contamination,Residents report discoloured tap water with unusual odour.,Sensor,13,Needs Review,Low,,UNKNOWN,Medical Services,Critical,Needs Review,2026-09-04 14:56:36.580533+00:00
RPT-00097,2026-09-04 11:49:51.922772+00:00,Riverside,28.663669,77.281169,Structural Damage,Roof section collapsed on commercial premises; no injuries reported yet.,Field Responder,5,Verified,High,,UNKNOWN,Disaster Management,High,Verified,2026-09-04 12:19:22.086325+00:00
RPT-00098,2026-09-04 14:05:42.327936+00:00,North District,28.748943,77.105948,Road Flooding,"Floodwater covering the intersection, depth estimated at 30 cm.",Sensor,11,Verified,Low,Audio,UNKNOWN,Emergency Services,Medium,Verified,2026-09-04 14:22:05.782019+00:00
RPT-00099,2026-09-02 10:58:10.301954+00:00,Old Town,28.658544,77.238387,Road Flooding,Road submerged after heavy rainfall; residents warned to avoid the area.,Citizen Report,8,Verified,High,Video,UNKNOWN,Disaster Management,Low,Verified,2026-09-03 01:42:29.723608+00:00
RPT-00100,,West District,28.643875,76.954627,Evacuation Needed,Residents refusing to evacuate despite imminent structural risk.,Department Report,20,Verified,Low,Photo,TRUE,Emergency Services,Critical,Verified,
RPT-00101,2026-09-04 11:13:42.575601+00:00,South District,28.485613,77.224178,Road Flooding,Drainage overflow causing road flooding; pedestrian safety at risk.,Sensor,1,Needs Review,Exact,Audio,FALSE,Emergency Services,High,Pending,2026-09-04 11:42:58.936358+00:00
RPT-00102,2026-09-04 14:03:08.449520+00:00,East District,28.603968,77.359031,Structural Damage,Cracks reported on the exterior walls of the apartment block.,Field Responder,2,Verified,High,Photo,FALSE,Emergency Services,Medium,Verified,2026-09-04 14:33:41.534029+00:00
RPT-00103,2026-09-04 10:38:52.742816+00:00,Central District,28.6336,77.22481,Water Contamination,Residents report discoloured tap water with unusual odour.,Emergency Call,10,Needs Review,Unknown,,UNKNOWN,Public Works,Critical,Pending,2026-09-04 10:41:35.181621+00:00
RPT-00104,2026-09-02 12:44:22.321198+00:00,Central District,28.62404,77.208897,Evacuation Needed,Rising floodwater threatening neighbourhood; evacuation in progress.,Citizen Report,23,Rejected,High,Unavailable,TRUE,Disaster Management,Critical,Rejected,2026-09-02 17:18:32.242662+00:00
RPT-00105,2026-09-04 15:03:01.741818+00:00,Old Town,28.650372,77.233391,Structural Damage,Field responder confirms structural cracks on load-bearing column.,Citizen Report,5,Pending,High,,UNKNOWN,Emergency Services,Critical,Needs Review,2026-09-04 15:12:06.723773+00:00
RPT-00106,2026-09-01 20:19:16.780291+00:00,Central District,28.626858,77.221373,Road Flooding,Waterlogging observed along the central corridor; traffic diverted.,Citizen Report,3,Rejected,Exact,Video,UNKNOWN,Disaster Management,Medium,Rejected,2026-09-02 10:57:06.421052+00:00
RPT-00107,2026-09-04 14:39:11.776809+00:00,Old Town,28.650877,77.23004,Medical Emergency,Caller reports two unconscious individuals at the site.,Emergency Call,1,Verified,Medium,,TRUE,Emergency Services,,Verified,2026-09-04 14:58:51.185151+00:00
RPT-00108,2026-09-04 13:39:17.287870+00:00,South District,28.481226,77.190441,Road Flooding,Drainage overflow causing road flooding; pedestrian safety at risk.,Emergency Call,0,Verified,High,,TRUE,Public Works,Medium,Verified,2026-09-04 14:00:06.660192+00:00
RPT-00109,2026-09-04 15:54:52.812330+00:00,South District,28.503114,77.183914,Evacuation Needed,Multiple elderly residents require assisted evacuation support.,Emergency Call,22,Verified,Medium,,TRUE,Emergency Services,High,Verified,2026-09-04 15:55:12.794772+00:00
RPT-00110,2026-09-04 14:16:16.927417+00:00,East District,28.614813,77.36216,Structural Damage,Cracks reported on the exterior walls of the apartment block.,Field Responder,8,Pending,Medium,Unavailable,FALSE,Disaster Management,High,Needs Review,2026-09-04 14:27:24.305313+00:00
RPT-00111,2026-09-04 11:28:11.949467+00:00,Central District,28.632793,77.20769,Evacuation Needed,Residents refusing to evacuate despite imminent structural risk.,Field Responder,4,Verified,Low,Unavailable,TRUE,Disaster Management,High,Verified,2026-09-04 12:36:00.892443+00:00
RPT-00112,2026-09-04 11:30:10.861004+00:00,North District,28.736058,77.111795,Structural Damage,Possible structural damage observed near a residential building following tremors.,Field Responder,2,Verified,High,Photo,TRUE,Emergency Services,High,Verified,2026-09-04 12:07:55.314828+00:00
RPT-00113,2026-09-04 14:20:52.609426+00:00,West District,28.613702,76.936772,Evacuation Needed,Mass evacuation of high-rise building due to fire and smoke.,Citizen Report,17,Rejected,Low,Unavailable,TRUE,Disaster Management,High,Rejected,2026-09-04 14:41:39.131747+00:00
RPT-00114,2026-09-02 05:27:07.832480+00:00,West District,28.638779,76.958281,Structural Damage,Cracks reported on the exterior walls of the apartment block.,Citizen Report,7,Verified,High,Video,TRUE,Disaster Management,Critical,Verified,2026-09-02 10:15:03.920849+00:00
RPT-00115,2026-09-03 19:49:32.879467+00:00,Industrial Zone,28.58572,77.07463,Evacuation Needed,Mass evacuation of high-rise building due to fire and smoke.,Emergency Call,25,Needs Review,Medium,Photo,FALSE,Emergency Services,Critical,Pending,2026-09-04 00:49:26.737015+00:00
RPT-00116,2026-09-04 15:50:44.173837+00:00,Central District,28.635398,77.228403,Water Contamination,Water samples show elevated turbidity following pipeline damage.,Emergency Call,15,Verified,Exact,Photo,FALSE,Water Department,Critical,Verified,2026-09-04 15:52:04.224804+00:00
RPT-00117,2026-09-04 10:19:01.852860+00:00,North District,28.776931,77.112674,Structural Damage,Multiple reports of ceiling damage in adjacent buildings after tremor.,Field Responder,3,Pending,High,Unavailable,TRUE,Emergency Services,Critical,Needs Review,2026-09-04 10:28:05.978697+00:00
RPT-00118,2026-09-04 15:48:24.979384+00:00,North District,28.755305,77.116139,Water Contamination,Water department confirms contamination in sector; do-not-drink advisory issued.,Department Report,15,Pending,Low,,UNKNOWN,Emergency Services,Medium,Needs Review,2026-09-04 15:48:41.433913+00:00
RPT-00119,2026-09-04 09:01:09.740187+00:00,Old Town,28.656978,77.227935,Water Contamination,Chemical smell detected in municipal water supply in the district.,Emergency Call,6,Needs Review,Medium,Unavailable,FALSE,Public Works,Medium,Pending,2026-09-04 09:43:12.661262+00:00
RPT-00120,2026-09-04 09:29:53.308426+00:00,East District,28.611248,77.340838,Structural Damage,House wall leaning dangerously; occupants requested to vacate premises.,Emergency Call,1,Pending,Medium,Unavailable,TRUE,Public Works,High,Pending,2026-09-04 10:14:25.614050+00:00
RPT-00121,2026-09-01 21:01:26.156152+00:00,Central District,28.623201,77.214832,Power Outage,Electricity supply disrupted; hospitals on backup generators.,Department Report,5,Verified,Exact,Photo,TRUE,Electricity Department,Medium,Verified,2026-09-02 14:50:55.551603+00:00
RPT-00122,2026-09-02 07:57:49.660729+00:00,Central District,28.627146,77.224179,Water Contamination,Multiple residents hospitalised with gastrointestinal symptoms after water consumption.,Department Report,10,Verified,Exact,Unavailable,FALSE,Emergency Services,Critical,Verified,2026-09-02 21:26:01.442044+00:00
RPT-00123,2026-09-04 13:20:58.270774+00:00,South District,28.4879,77.177653,Water Contamination,Blue-green algae bloom observed in reservoir; water supply may be affected.,Citizen Report,14,Verified,Unknown,,TRUE,Water Department,Medium,Verified,2026-09-04 13:36:19.415856+00:00
RPT-00124,2026-09-04 11:15:28.290010+00:00,West District,28.638087,76.938664,Water Contamination,Residents report discoloured tap water with unusual odour.,Emergency Call,9,Verified,High,Unavailable,TRUE,Emergency Services,Medium,Verified,2026-09-04 11:41:29.586889+00:00
RPT-00125,2026-09-04 14:34:34.537565+00:00,West District,28.637853,76.948562,Road Flooding,Low-lying road completely inundated following storm surge.,Emergency Call,7,Needs Review,Unknown,Photo,TRUE,Public Works,Low,Pending,2026-09-04 14:52:35.696303+00:00
RPT-00126,2026-09-04 13:59:10.181491+00:00,Old Town,28.66214,77.220451,Medical Emergency,Medical assistance reportedly required near the intersection.,Citizen Report,1,Rejected,High,,TRUE,Emergency Services,,Rejected,2026-09-04 14:28:39.827221+00:00
RPT-00127,2026-09-02 17:21:50.391033+00:00,Industrial Zone,28.566862,77.076734,Medical Emergency,Medical assistance reportedly required near the intersection.,Emergency Call,1,Needs Review,High,Photo,TRUE,Medical Services,Low,Needs Review,2026-09-03 06:26:54.137454+00:00
RPT-00128,2026-09-04 00:41:59.932419+00:00,South District,28.490965,77.172736,Road Flooding,Waterlogging observed along the central corridor; traffic diverted.,Citizen Report,3,Verified,Low,Photo,UNKNOWN,Emergency Services,Medium,Verified,2026-09-04 05:14:41.475895+00:00
RPT-00129,2026-09-04 11:34:56.138506+00:00,Riverside,28.663916,77.26517,Water Contamination,Possible sewage intrusion into potable water supply reported.,Citizen Report,9,Needs Review,Medium,Photo,TRUE,Public Works,Critical,Pending,2026-09-04 12:32:43.400261+00:00
RPT-00130,2026-09-04 12:59:06.203144+00:00,Old Town,28.659221,77.231601,Medical Emergency,Multiple casualties reported at scene; medical teams needed urgently.,Citizen Report,1,Verified,High,Unavailable,TRUE,Emergency Services,Low,Verified,2026-09-04 13:11:07.527117+00:00
RPT-00131,2026-09-04 03:50:46.699491+00:00,Industrial Zone,28.589004,77.077742,Road Flooding,Waterlogging observed along the central corridor; traffic diverted.,Sensor,5,Needs Review,Medium,,UNKNOWN,Emergency Services,Low,Needs Review,2026-09-04 06:28:37.625747+00:00
RPT-00132,2026-09-03 19:58:10.618427+00:00,North District,28.754526,77.114474,Water Contamination,Water samples show elevated turbidity following pipeline damage.,Emergency Call,14,Rejected,Exact,Audio,TRUE,Emergency Services,Medium,Rejected,2026-09-03 21:06:30.884785+00:00
RPT-00133,2026-09-04 14:48:05.400864+00:00,West District,28.635819,76.935303,Medical Emergency,Elderly resident collapsed; ambulance requested immediately.,Citizen Report,3,Verified,High,Audio,TRUE,Emergency Services,Low,Verified,2026-09-04 14:58:21.638453+00:00
RPT-00134,2026-09-04 11:36:46.085719+00:00,Old Town,28.655308,77.224742,Water Contamination,Chemical smell detected in municipal water supply in the district.,Department Report,10,Needs Review,Medium,Video,TRUE,Emergency Services,Medium,Needs Review,2026-09-04 12:32:57.914443+00:00
RPT-00135,2026-09-04 15:27:14.406336+00:00,West District,28.62897,76.962973,Power Outage,Substation tripped due to flooding; restoration time unknown.,Citizen Report,17,Verified,Medium,Unavailable,FALSE,Public Works,Low,Verified,2026-09-04 15:32:06.547164+00:00
RPT-00136,2026-09-04 15:49:20.985438+00:00,North District,28.731102,77.116562,Evacuation Needed,Neighbourhood cordoned off; evacuation underway with police assistance.,Field Responder,23,Verified,High,Video,FALSE,Disaster Management,High,Verified,2026-09-04 15:50:11.945205+00:00
RPT-00137,2026-09-02 13:27:45.915642+00:00,Old Town,28.654539,77.2291,Evacuation Needed,Residents refusing to evacuate despite imminent structural risk.,Sensor,19,Pending,Low,Unavailable,TRUE,Emergency Services,High,Needs Review,2026-09-03 01:40:22.264913+00:00
RPT-00138,2026-09-04 14:28:43.556275+00:00,East District,28.620631,77.363885,Road Flooding,"Floodwater covering the intersection, depth estimated at 30 cm.",Emergency Call,5,Rejected,High,Video,TRUE,Emergency Services,Low,Rejected,2026-09-04 14:36:39.849001+00:00
RPT-00139,2026-09-04 13:59:18.970959+00:00,North District,28.758128,77.126495,Water Contamination,Blue-green algae bloom observed in reservoir; water supply may be affected.,Emergency Call,3,Needs Review,High,Unavailable,FALSE,Water Department,Critical,Pending,2026-09-04 14:33:40.737950+00:00
RPT-00140,2026-09-04 08:54:55.781648+00:00,West District,28.649994,76.941075,Structural Damage,Partial collapse of boundary wall after last night's storm.,Department Report,4,Needs Review,Medium,Unavailable,TRUE,Public Works,Medium,Needs Review,2026-09-04 09:21:09.377278+00:00
RPT-00141,2026-09-02 05:46:33.800014+00:00,Industrial Zone,28.585476,77.076793,Water Contamination,Water samples show elevated turbidity following pipeline damage.,Emergency Call,15,Verified,Unknown,Photo,TRUE,Emergency Services,Critical,Verified,2026-09-02 17:48:20.909015+00:00
RPT-00142,2026-09-04 14:03:06.945143+00:00,North District,28.755942,77.125024,Power Outage,Street lighting out; increased security risk in affected area.,Sensor,10,Pending,Low,Photo,TRUE,Public Works,,Needs Review,2026-09-04 14:17:51.697931+00:00
RPT-00143,2026-09-04 15:30:44.874284+00:00,Central District,28.63282,77.20793,Road Flooding,Standing water blocking access road; multiple vehicles stranded.,Citizen Report,12,Verified,Medium,Video,FALSE,Emergency Services,High,Verified,2026-09-04 15:30:47.323214+00:00
RPT-00144,2026-09-04 12:39:04.348306+00:00,South District,28.504335,77.185718,Power Outage,Electricity supply disrupted; hospitals on backup generators.,Citizen Report,4,Verified,Low,Unavailable,TRUE,Electricity Department,,Verified,2026-09-04 13:01:56.388184+00:00
RPT-00145,2026-09-04 12:15:52.271373+00:00,West District,28.635613,76.947337,Road Flooding,"Floodwater covering the intersection, depth estimated at 30 cm.",Sensor,4,Verified,Medium,Photo,TRUE,Emergency Services,Medium,Verified,2026-09-04 12:47:59.106269+00:00
RPT-00146,2026-09-04 15:06:47.306856+00:00,Old Town,28.652368,77.2278,Structural Damage,Multiple reports of ceiling damage in adjacent buildings after tremor.,Field Responder,5,Pending,Medium,Photo,UNKNOWN,Public Works,High,Needs Review,2026-09-04 15:19:03.396982+00:00
RPT-00147,2026-09-04 15:12:30.254143+00:00,West District,28.63504,76.950822,Power Outage,Transformer explosion reported; area in complete darkness.,Citizen Report,17,Rejected,Medium,Photo,FALSE,Emergency Services,Medium,Rejected,2026-09-04 15:22:58.764479+00:00
RPT-00148,2026-09-03 06:56:44.103224+00:00,West District,28.631592,76.943122,Evacuation Needed,Mass evacuation of high-rise building due to fire and smoke.,Sensor,17,Needs Review,Low,Video,UNKNOWN,Public Works,High,Needs Review,2026-09-03 11:53:21.073576+00:00
RPT-00149,2026-09-03 06:20:27.900571+00:00,East District,28.616942,77.332777,Water Contamination,Water department confirms contamination in sector; do-not-drink advisory issued.,Sensor,7,Verified,Unknown,Unavailable,UNKNOWN,Emergency Services,Critical,Verified,2026-09-03 06:42:42.346369+00:00
RPT-00150,2026-09-04 15:53:03.280533+00:00,South District,28.50584,77.185751,Evacuation Needed,Evacuation order issued for industrial zone due to hazardous spill.,Emergency Call,13,Rejected,High,Photo,TRUE,Public Works,Critical,Rejected,2026-09-04 15:53:38.956048+00:00
RPT-00151,2026-09-04 15:44:27.959096+00:00,West District,28.632489,76.953328,Water Contamination,Water department confirms contamination in sector; do-not-drink advisory issued.,Emergency Call,8,Needs Review,Exact,Audio,UNKNOWN,Medical Services,Medium,Pending,2026-09-04 15:47:11.845654+00:00
RPT-00152,2026-09-04 15:30:27.160171+00:00,West District,28.632662,76.948776,Medical Emergency,Injured person found in flooded basement; rescue and medical support needed.,Emergency Call,2,Pending,Medium,Photo,TRUE,Emergency Services,,Pending,2026-09-04 15:36:48.540441+00:00
RPT-00153,2026-09-04 15:47:43.448822+00:00,East District,28.615891,77.359207,Evacuation Needed,Neighbourhood cordoned off; evacuation underway with police assistance.,Citizen Report,8,Verified,Low,Photo,TRUE,Public Works,High,Verified,2026-09-04 15:48:16.166964+00:00
RPT-00154,2026-09-03 01:38:34.751702+00:00,West District,28.643666,76.966067,Road Flooding,Flooding on underpass reported by commuters; immediate attention needed.,Citizen Report,5,Needs Review,Low,Audio,TRUE,Disaster Management,Low,Pending,2026-09-03 12:44:35.116930+00:00
RPT-00155,2026-09-04 15:16:53.136889+00:00,Industrial Zone,28.574312,77.07577,Evacuation Needed,Families stranded; evacuation routes blocked by debris.,Citizen Report,22,Verified,Exact,Unavailable,FALSE,Public Works,Critical,Verified,2026-09-04 15:18:17.445641+00:00
RPT-00156,2026-09-04 14:54:34.838950+00:00,Industrial Zone,28.576584,77.082356,Evacuation Needed,Families stranded; evacuation routes blocked by debris.,Citizen Report,20,Needs Review,Exact,Audio,TRUE,Disaster Management,High,Pending,2026-09-04 14:55:35.011793+00:00
RPT-00157,2026-09-04 14:42:34.138931+00:00,East District,28.622661,77.359264,Medical Emergency,Injured person found in flooded basement; rescue and medical support needed.,Department Report,3,Verified,Medium,Unavailable,TRUE,Emergency Services,Low,Verified,2026-09-04 15:00:19.506555+00:00
RPT-00158,2026-09-04 09:59:07.276938+00:00,West District,28.63528,76.948579,Power Outage,Multiple residents report loss of electrical power in the neighbourhood.,Citizen Report,5,Verified,Low,Unavailable,TRUE,Emergency Services,Medium,Verified,2026-09-04 10:57:18.394286+00:00
RPT-00159,,West District,28.643711,76.949702,Medical Emergency,Injured person found in flooded basement; rescue and medical support needed.,Emergency Call,2,Needs Review,Exact,Video,TRUE,Emergency Services,Low,Needs Review,
RPT-00160,2026-09-04 11:33:41.394389+00:00,Riverside,28.673528,77.263688,Water Contamination,Chemical smell detected in municipal water supply in the district.,Field Responder,14,Pending,Unknown,Photo,TRUE,Public Works,Medium,Pending,2026-09-04 11:46:59.237937+00:00
RPT-00161,2026-09-02 13:19:02.815107+00:00,South District,28.510967,77.195039,Power Outage,Street lighting out; increased security risk in affected area.,Citizen Report,6,Needs Review,Medium,,UNKNOWN,Emergency Services,,Pending,2026-09-02 20:45:07.396662+00:00
RPT-00162,2026-09-04 15:41:40.564630+00:00,Industrial Zone,28.57798,77.082463,Water Contamination,Water samples show elevated turbidity following pipeline damage.,Sensor,15,Pending,Unknown,Unavailable,UNKNOWN,Medical Services,Critical,Needs Review,2026-09-04 15:45:13.199568+00:00
RPT-00163,2026-09-04 13:25:35.587862+00:00,Riverside,28.674194,77.261353,Medical Emergency,Child with respiratory symptoms reported; possible exposure to contaminant.,Citizen Report,2,Verified,Medium,Audio,TRUE,Medical Services,Low,Verified,2026-09-04 14:04:17.729452+00:00
RPT-00164,2026-09-04 01:14:33.595504+00:00,North District,28.764189,77.132301,Road Flooding,Road submerged after heavy rainfall; residents warned to avoid the area.,Sensor,7,Needs Review,Low,Photo,TRUE,Public Works,Medium,Pending,2026-09-04 04:06:37.348186+00:00
RPT-00165,2026-09-04 13:35:02.876770+00:00,South District,28.495716,77.172478,Power Outage,Power lines down across the main avenue; risk of electrocution.,Department Report,11,Verified,High,,FALSE,Public Works,Medium,Verified,2026-09-04 13:39:05.974026+00:00
RPT-00166,2026-09-04 15:44:50.783916+00:00,West District,28.631383,76.948677,Structural Damage,Field responder confirms structural cracks on load-bearing column.,Field Responder,2,Verified,Exact,Video,TRUE,Emergency Services,Critical,Verified,2026-09-04 15:45:13.241431+00:00
RPT-00167,2026-09-04 15:19:33.895722+00:00,Industrial Zone,28.581769,77.06544,Structural Damage,Overhead bridge shows signs of structural instability; area cordoned off.,Field Responder,0,Verified,Exact,Photo,TRUE,Disaster Management,Critical,Verified,2026-09-04 15:27:57.237314+00:00
RPT-00168,2026-09-04 15:48:38.088097+00:00,West District,28.643149,76.952384,Medical Emergency,Person found unresponsive; bystanders performing CPR; ambulance en route.,Emergency Call,2,Needs Review,Medium,Unavailable,TRUE,Emergency Services,Low,Needs Review,2026-09-04 15:50:07.739527+00:00
RPT-00169,2026-09-03 18:09:08.705307+00:00,North District,28.758457,77.105635,Water Contamination,Multiple residents hospitalised with gastrointestinal symptoms after water consumption.,Citizen Report,7,Pending,Unknown,Photo,UNKNOWN,Public Works,Critical,Pending,2026-09-03 20:40:32.541234+00:00
RPT-00170,2026-09-04 09:59:58.070852+00:00,South District,28.472855,77.174149,Evacuation Needed,Neighbourhood cordoned off; evacuation underway with police assistance.,Citizen Report,0,Needs Review,Exact,,TRUE,Disaster Management,Critical,Needs Review,2026-09-04 10:07:47.074250+00:00
RPT-00171,2026-09-04 15:48:53.236732+00:00,North District,28.771544,77.106328,Structural Damage,Roof section collapsed on commercial premises; no injuries reported yet.,Emergency Call,8,Pending,Medium,,FALSE,Disaster Management,Critical,Needs Review,2026-09-04 15:50:22.485009+00:00
RPT-00172,2026-09-04 10:08:06.782201+00:00,West District,28.644589,76.949066,Road Flooding,Waterlogging observed along the central corridor; traffic diverted.,Emergency Call,10,Verified,Unknown,,TRUE,Disaster Management,High,Verified,2026-09-04 10:33:05.140748+00:00
RPT-00173,2026-09-04 10:49:01.130804+00:00,South District,28.486883,77.184748,Medical Emergency,Multiple casualties reported at scene; medical teams needed urgently.,Field Responder,5,Needs Review,Exact,Audio,UNKNOWN,Medical Services,,Pending,2026-09-04 11:55:35.976772+00:00
RPT-00174,2026-09-04 13:43:37.821870+00:00,Central District,28.629678,77.216013,Water Contamination,Possible sewage intrusion into potable water supply reported.,Sensor,2,Pending,Low,Video,TRUE,Medical Services,Critical,Pending,2026-09-04 14:17:59.853055+00:00
RPT-00175,2026-09-04 14:04:09.836580+00:00,South District,28.51179,77.168921,Power Outage,Repeated fluctuations followed by complete outage; residents concerned.,Sensor,9,Needs Review,High,,TRUE,Electricity Department,,Pending,2026-09-04 14:33:10.439391+00:00
RPT-00176,2026-09-04 14:47:46.768043+00:00,Industrial Zone,28.580867,77.086563,Water Contamination,Sensor alert: pH level outside safe range in distribution main.,Sensor,9,Needs Review,High,Video,TRUE,Medical Services,Medium,Needs Review,2026-09-04 14:48:43.940563+00:00
RPT-00177,2026-09-04 13:59:53.441272+00:00,Central District,28.626445,77.228979,Power Outage,Power lines down across the main avenue; risk of electrocution.,Sensor,11,Verified,Exact,Photo,TRUE,Public Works,Medium,Verified,2026-09-04 14:34:55.590282+00:00
RPT-00178,2026-09-04 03:05:17.858068+00:00,West District,28.650862,76.968828,Evacuation Needed,Evacuation shelters at capacity; additional sites urgently required.,Field Responder,13,Needs Review,Medium,Photo,UNKNOWN,Public Works,High,Pending,2026-09-04 05:07:56.709049+00:00
RPT-00179,2026-09-04 15:54:55.982601+00:00,East District,28.619156,77.345709,Road Flooding,"Floodwater covering the intersection, depth estimated at 30 cm.",Citizen Report,7,Rejected,Exact,Audio,TRUE,Disaster Management,Medium,Rejected,2026-09-04 15:55:45.180375+00:00
RPT-00180,2026-09-04 15:53:53.703702+00:00,Industrial Zone,28.578008,77.076029,Road Flooding,Emergency vehicles unable to reach destination due to flooded road.,Emergency Call,11,Needs Review,High,Video,TRUE,Emergency Services,High,Pending,2026-09-04 15:54:40.499921+00:00
RPT-00181,2026-09-04 15:44:49.307852+00:00,East District,28.6134,77.352705,Road Flooding,Emergency vehicles unable to reach destination due to flooded road.,Citizen Report,0,Needs Review,High,Audio,UNKNOWN,Public Works,Medium,Needs Review,2026-09-04 15:45:55.642283+00:00
RPT-00182,2026-09-04 12:08:24.448227+00:00,South District,28.493648,77.149392,Structural Damage,Building foundation appears compromised; residents evacuated as precaution.,Emergency Call,4,Needs Review,Exact,,TRUE,Disaster Management,High,Needs Review,2026-09-04 12:59:41.675691+00:00
RPT-00183,2026-09-04 12:54:49.127672+00:00,East District,28.622063,77.352466,Road Flooding,"Heavy water accumulation reported near the main road, vehicles unable to pass.",Citizen Report,10,Verified,Medium,Photo,FALSE,Emergency Services,Medium,Verified,2026-09-04 13:39:13.398154+00:00
RPT-00184,2026-09-03 01:12:16.514514+00:00,Old Town,28.655768,77.227545,Structural Damage,Overhead bridge shows signs of structural instability; area cordoned off.,Citizen Report,2,Rejected,Exact,Photo,TRUE,Emergency Services,Medium,Rejected,2026-09-03 05:39:11.402722+00:00
RPT-00185,2026-09-04 15:52:44.346677+00:00,East District,28.618641,77.360735,Structural Damage,Building foundation appears compromised; residents evacuated as precaution.,Field Responder,7,Verified,High,Photo,TRUE,Disaster Management,High,Verified,2026-09-04 15:52:54.713419+00:00
RPT-00186,2026-09-04 13:13:46.796485+00:00,West District,28.630191,76.936819,Evacuation Needed,Evacuation shelters at capacity; additional sites urgently required.,Citizen Report,0,Needs Review,Medium,Audio,TRUE,Disaster Management,Critical,Needs Review,2026-09-04 13:29:23.277583+00:00
RPT-00187,2026-09-02 19:57:11.700058+00:00,Old Town,28.646949,77.228117,Road Flooding,Low-lying road completely inundated following storm surge.,Citizen Report,3,Pending,Low,Photo,UNKNOWN,Public Works,High,Pending,2026-09-03 08:55:23.337947+00:00
RPT-00188,2026-09-04 13:11:45.580291+00:00,East District,28.620591,77.358718,Structural Damage,House wall leaning dangerously; occupants requested to vacate premises.,Citizen Report,5,Rejected,Exact,,TRUE,Disaster Management,Critical,Rejected,2026-09-04 14:00:43.090155+00:00
RPT-00189,2026-09-02 19:13:57.805064+00:00,Old Town,28.656586,77.230482,Structural Damage,Field responder confirms structural cracks on load-bearing column.,Department Report,0,Verified,Exact,Photo,TRUE,Disaster Management,Critical,Verified,2026-09-02 19:41:28.808529+00:00
RPT-00190,2026-09-04 11:23:30.714789+00:00,Riverside,28.673751,77.268577,Road Flooding,Flooding on underpass reported by commuters; immediate attention needed.,Sensor,5,Pending,Low,Audio,FALSE,Emergency Services,Medium,Pending,2026-09-04 12:03:28.532572+00:00
RPT-00191,2026-09-03 08:06:11.645945+00:00,South District,28.511809,77.195974,Power Outage,Neighbourhood cordoned off; evacuation underway with police assistance.,Department Report,7,Pending,Medium,Audio,UNKNOWN,Public Works,Critical,Pending,2026-09-03 17:36:08.373391+00:00
RPT-00192,2026-09-04 15:15:44.037628+00:00,South District,28.505076,77.17744,Structural Damage,Roof section collapsed on commercial premises; no injuries reported yet.,Field Responder,1,Pending,Medium,Photo,TRUE,Emergency Services,Medium,Needs Review,2026-09-04 15:16:34.316422+00:00
RPT-00193,2026-09-04 10:29:33.814691+00:00,North District,28.760251,77.123839,Water Contamination,Multiple residents hospitalised with gastrointestinal symptoms after water consumption.,Field Responder,6,Verified,Low,Photo,TRUE,Emergency Services,High,Verified,2026-09-04 11:33:29.782458+00:00
RPT-00194,,North District,28.747561,77.130097,Road Flooding,Residents report rapidly rising water levels along the service road.,Citizen Report,2,Needs Review,High,Photo,TRUE,Public Works,Medium,Needs Review,
RPT-00195,2026-09-03 16:26:29.235868+00:00,East District,28.613331,77.343337,Medical Emergency,Injured person found in flooded basement; rescue and medical support needed.,Emergency Call,3,Verified,High,,TRUE,Medical Services,,Verified,2026-09-03 18:25:36.564140+00:00
RPT-00196,,Old Town,28.657586,77.234667,Medical Emergency,Caller reports two unconscious individuals at the site.,Citizen Report,0,Pending,High,,TRUE,Emergency Services,,Pending,
RPT-00197,2026-09-04 14:53:06.279942+00:00,Industrial Zone,28.564972,77.083391,Power Outage,Electricity supply disrupted; hospitals on backup generators.,Department Report,14,Verified,Low,,TRUE,Electricity Department,Low,Verified,2026-09-04 14:57:26.223168+00:00
RPT-00198,2026-09-01 20:08:56.667964+00:00,South District,28.50788,77.185649,Structural Damage,Building foundation appears compromised; residents evacuated as precaution.,Department Report,6,Pending,High,Unavailable,UNKNOWN,Disaster Management,Medium,Needs Review,2026-09-02 07:47:53.009340+00:00
RPT-00199,,Industrial Zone,28.589336,77.07201,Road Flooding,Waterlogging observed along the central corridor; traffic diverted.,Field Responder,9,Needs Review,Unknown,Audio,TRUE,Disaster Management,High,Pending,
RPT-00200,2026-09-04 15:51:06.855828+00:00,North District,28.723569,77.136571,Structural Damage,Field responder confirms structural cracks on load-bearing column.,Emergency Call,5,Rejected,High,Photo,UNKNOWN,Disaster Management,High,Rejected,2026-09-04 15:51:48.493375+00:00
RPT-00201,2026-09-04 13:32:41.882689+00:00,Old Town,28.655657,77.229529,Evacuation Needed,Evacuation order issued for industrial zone due to hazardous spill.,Sensor,7,Pending,Low,Unavailable,UNKNOWN,Emergency Services,Critical,Pending,2026-09-04 13:45:04.659476+00:00
RPT-00202,2026-09-03 12:04:13.152672+00:00,Central District,28.624867,77.226185,Medical Emergency,Caller reports two unconscious individuals at the site.,Department Report,3,Needs Review,Exact,Photo,TRUE,Medical Services,Low,Pending,2026-09-03 14:03:26.403333+00:00
RPT-00203,2026-09-04 14:23:50.686124+00:00,North District,28.740682,77.138152,Power Outage,Transformer explosion reported; area in complete darkness.,Department Report,5,Rejected,Low,Photo,TRUE,Emergency Services,Medium,Rejected,2026-09-04 14:45:27.681468+00:00
RPT-00204,2026-09-04 14:12:32.984418+00:00,South District,28.50262,77.187649,Medical Emergency,Medical assistance reportedly required near the intersection.,Citizen Report,0,Verified,High,Photo,TRUE,Medical Services,,Verified,2026-09-04 14:40:05.204803+00:00
RPT-00205,2026-09-03 17:58:51.653792+00:00,North District,28.750035,77.13325,Structural Damage,House wall leaning dangerously; occupants requested to vacate premises.,Citizen Report,8,Verified,Medium,Photo,UNKNOWN,Emergency Services,High,Verified,2026-09-03 21:12:08.288972+00:00
RPT-00206,,Riverside,28.665743,77.279493,Medical Emergency,Injured person found in flooded basement; rescue and medical support needed.,Field Responder,0,Verified,High,,TRUE,Medical Services,Low,Verified,
RPT-00207,2026-09-04 14:17:24.105980+00:00,West District,28.639018,76.960191,Water Contamination,Chemical smell detected in municipal water supply in the district.,Sensor,3,Verified,Low,,TRUE,Public Works,Critical,Verified,2026-09-04 14:26:31.371157+00:00
RPT-00208,2026-09-02 20:53:33.934006+00:00,Riverside,28.667286,77.271073,Medical Emergency,Emergency call received about a person trapped and showing signs of distress.,Field Responder,4,Rejected,Medium,Unavailable,UNKNOWN,Medical Services,,Rejected,2026-09-03 04:33:44.751094+00:00
RPT-00209,2026-09-04 15:35:58.464617+00:00,Old Town,28.668188,77.236991,Road Flooding,Emergency vehicles unable to reach destination due to flooded road.,Emergency Call,10,Pending,High,Video,TRUE,Disaster Management,High,Pending,2026-09-04 15:41:21.933247+00:00
RPT-00210,2026-09-03 11:17:59.654073+00:00,East District,28.617904,77.33564,Power Outage,Repeated fluctuations followed by complete outage; residents concerned.,Department Report,3,Verified,Low,Photo,UNKNOWN,Public Works,Low,Verified,2026-09-03 17:25:51.975654+00:00
RPT-00211,2026-09-04 10:17:54.348481+00:00,Riverside,28.662279,77.269467,Medical Emergency,Child with respiratory symptoms reported; possible exposure to contaminant.,Department Report,1,Verified,High,Audio,TRUE,Medical Services,Low,Verified,2026-09-04 11:54:12.985315+00:00
RPT-00212,2026-09-03 00:55:02.720887+00:00,Riverside,28.671351,77.281983,Structural Damage,Multiple reports of ceiling damage in adjacent buildings after tremor.,Emergency Call,4,Verified,Medium,Video,TRUE,Emergency Services,Critical,Verified,2026-09-03 01:21:04.216845+00:00
RPT-00213,2026-09-03 22:02:43.376726+00:00,Central District,28.619625,77.228404,Medical Emergency,Child with respiratory symptoms reported; possible exposure to contaminant.,Emergency Call,4,Pending,High,Audio,TRUE,Emergency Services,Low,Needs Review,2026-09-03 22:28:45.933553+00:00
RPT-00214,2026-09-04 12:13:52.645055+00:00,Riverside,28.669742,77.269564,Structural Damage,House wall leaning dangerously; occupants requested to vacate premises.,Citizen Report,7,Needs Review,High,Photo,TRUE,Disaster Management,Medium,Needs Review,2026-09-04 12:42:35.203684+00:00
RPT-00215,2026-09-03 11:13:18.638749+00:00,West District,28.637626,76.925697,Road Flooding,Low-lying road completely inundated following storm surge.,Emergency Call,0,Verified,Medium,Audio,TRUE,Public Works,High,Verified,2026-09-03 12:19:58.749309+00:00
RPT-00216,2026-09-02 09:57:20.831501+00:00,East District,28.622244,77.35122,Power Outage,Widespread outage affecting critical facilities including water treatment plant.,Department Report,6,Verified,Medium,Video,UNKNOWN,Public Works,Critical,Verified,2026-09-02 10:01:17.001899+00:00
RPT-00217,2026-09-04 08:38:45.501342+00:00,North District,28.744856,77.1161,Water Contamination,Sensor alert: pH level outside safe range in distribution main.,Citizen Report,10,Pending,Low,,FALSE,Medical Services,Critical,Pending,2026-09-04 10:09:25.690810+00:00
RPT-00218,2026-09-03 06:18:23.146445+00:00,Central District,28.626585,77.220739,Road Flooding,Drainage overflow causing road flooding; pedestrian safety at risk.,Citizen Report,10,Verified,Exact,Video,FALSE,Disaster Management,Low,Verified,2026-09-03 15:22:33.585234+00:00
RPT-00219,2026-09-04 14:44:22.870855+00:00,Central District,28.632145,77.22249,Road Flooding,Residents report rapidly rising water levels along the service road.,Citizen Report,3,Verified,Medium,Audio,TRUE,Emergency Services,High,Verified,2026-09-04 15:04:11.780464+00:00
RPT-00220,2026-09-04 12:07:18.927286+00:00,North District,28.739699,77.096959,Road Flooding,Standing water blocking access road; multiple vehicles stranded.,Field Responder,1,Needs Review,Medium,,UNKNOWN,Public Works,High,Needs Review,2026-09-04 13:14:38.232374+00:00
RPT-00221,2026-09-04 14:33:58.793721+00:00,East District,28.631003,77.336097,Road Flooding,Residents report rapidly rising water levels along the service road.,Emergency Call,1,Needs Review,Exact,Video,TRUE,Disaster Management,Low,Needs Review,2026-09-04 14:42:09.551842+00:00
RPT-00222,2026-09-04 10:24:15.961098+00:00,South District,28.493619,77.187889,Power Outage,Substation tripped due to flooding; restoration time unknown.,Sensor,14,Verified,Low,Video,TRUE,Public Works,Low,Verified,2026-09-04 10:40:54.641333+00:00
RPT-00223,2026-09-02 09:56:54.741459+00:00,East District,28.633998,77.363348,Road Flooding,Residents report rapidly rising water levels along the service road.,Sensor,6,Needs Review,Exact,Audio,UNKNOWN,Public Works,High,Needs Review,2026-09-03 00:23:42.723547+00:00
RPT-00224,2026-09-03 11:37:15.912582+00:00,Industrial Zone,28.577574,77.081159,Road Flooding,Emergency vehicles unable to reach destination due to flooded road.,Emergency Call,11,Verified,Unknown,Photo,UNKNOWN,Disaster Management,High,Verified,2026-09-03 16:03:59.767609+00:00
RPT-00225,2026-09-04 11:57:56.122063+00:00,West District,28.628265,76.951673,Water Contamination,Illegal industrial discharge suspected to have contaminated water source.,Field Responder,11,Rejected,Unknown,Photo,TRUE,Water Department,Medium,Rejected,2026-09-04 12:09:47.690667+00:00
RPT-00226,2026-09-04 12:41:04.859071+00:00,Central District,28.634048,77.221767,Power Outage,Multiple residents report loss of electrical power in the neighbourhood.,Citizen Report,16,Pending,Exact,Video,TRUE,Electricity Department,Low,Needs Review,2026-09-04 13:38:42.101767+00:00
RPT-00227,2026-09-04 14:54:13.047176+00:00,North District,28.749827,77.119922,Medical Emergency,Person found unresponsive; bystanders performing CPR; ambulance en route.,Emergency Call,2,Verified,High,Unavailable,TRUE,Medical Services,Low,Verified,2026-09-04 15:04:45.417915+00:00
RPT-00228,2026-09-04 15:54:28.405235+00:00,Riverside,28.669582,77.267115,Water Contamination,Sensor alert: pH level outside safe range in distribution main.,Department Report,13,Needs Review,Medium,,FALSE,Medical Services,Critical,Pending,2026-09-04 15:54:36.832186+00:00
RPT-00229,2026-09-02 19:05:14.625829+00:00,West District,28.64706,76.971321,Evacuation Needed,Multiple elderly residents require assisted evacuation support.,Citizen Report,6,Needs Review,Low,Photo,UNKNOWN,Emergency Services,Critical,Needs Review,2026-09-03 05:28:45.411413+00:00
RPT-00230,2026-09-04 14:16:20.106895+00:00,East District,28.620727,77.34979,Evacuation Needed,Neighbourhood cordoned off; evacuation underway with police assistance.,Field Responder,19,Needs Review,Low,Unavailable,FALSE,Public Works,Critical,Needs Review,2026-09-04 14:19:27.623594+00:00
RPT-00231,2026-09-02 08:33:09.921733+00:00,Industrial Zone,28.571394,77.085898,Power Outage,Repeated fluctuations followed by complete outage; residents concerned.,Sensor,16,Needs Review,Low,Photo,TRUE,Public Works,Low,Needs Review,2026-09-02 13:31:13.257016+00:00
RPT-00232,2026-09-04 15:51:39.131044+00:00,West District,28.643399,76.963329,Water Contamination,Pipe burst near waste facility; contamination risk flagged by engineers.,Citizen Report,9,Verified,Exact,Video,TRUE,Public Works,Critical,Verified,2026-09-04 15:52:24.816244+00:00
RPT-00233,2026-09-04 15:52:55.864624+00:00,Industrial Zone,28.573012,77.063433,Water Contamination,Chemical smell detected in municipal water supply in the district.,Emergency Call,2,Pending,Low,Video,TRUE,Water Department,Critical,Pending,2026-09-04 15:53:52.489031+00:00
RPT-00234,2026-09-02 05:13:36.096674+00:00,North District,28.74695,77.110655,Structural Damage,Possible structural damage observed near a residential building following tremors.,Department Report,8,Pending,Medium,Photo,TRUE,Emergency Services,Medium,Needs Review,2026-09-02 10:17:38.144319+00:00
RPT-00235,2026-09-02 03:10:12.069753+00:00,Industrial Zone,28.598923,77.073548,Medical Emergency,Child with respiratory symptoms reported; possible exposure to contaminant.,Field Responder,1,Verified,Exact,Unavailable,FALSE,Medical Services,Low,Verified,2026-09-02 19:47:23.149922+00:00
RPT-00236,2026-09-04 15:56:19.574256+00:00,West District,28.643378,76.924532,Evacuation Needed,Mass evacuation of high-rise building due to fire and smoke.,Emergency Call,8,Rejected,Exact,Audio,FALSE,Public Works,High,Rejected,2026-09-04 15:56:36.320991+00:00
RPT-00237,2026-09-04 11:39:29.596402+00:00,Central District,28.63672,77.220318,Evacuation Needed,Families stranded; evacuation routes blocked by debris.,Department Report,23,Verified,Exact,Video,FALSE,Disaster Management,High,Verified,2026-09-04 12:07:08.952341+00:00
RPT-00238,2026-09-04 14:02:09.202925+00:00,South District,28.501331,77.173112,Structural Damage,House wall leaning dangerously; occupants requested to vacate premises.,Department Report,3,Pending,High,,TRUE,Public Works,High,Needs Review,2026-09-04 14:23:26.621743+00:00
RPT-00239,2026-09-03 08:28:52.022961+00:00,South District,28.501081,77.173718,Structural Damage,Chemical smell detected in municipal water supply in the district.,Department Report,11,Pending,Unknown,Audio,UNKNOWN,Public Works,Medium,Needs Review,2026-09-03 13:34:52.115878+00:00
RPT-00240,2026-09-04 14:35:50.203817+00:00,Old Town,28.664875,77.23349,Medical Emergency,Mass casualty event suspected following building partial collapse.,Emergency Call,4,Verified,Exact,Video,TRUE,Medical Services,,Verified,2026-09-04 14:41:01.393117+00:00
RPT-00241,2026-09-04 15:34:32.359885+00:00,Industrial Zone,28.569673,77.063394,Structural Damage,Roof section collapsed on commercial premises; no injuries reported yet.,Field Responder,0,Pending,High,Photo,TRUE,Disaster Management,High,Pending,2026-09-04 15:40:03.583844+00:00
RPT-00242,2026-09-04 15:45:07.942358+00:00,Industrial Zone,28.578787,77.080664,Medical Emergency,Elderly resident collapsed; ambulance requested immediately.,Emergency Call,5,Pending,Exact,Unavailable,UNKNOWN,Medical Services,,Needs Review,2026-09-04 15:46:11.967575+00:00
RPT-00243,2026-09-04 14:08:48.182916+00:00,Industrial Zone,28.57163,77.087923,Medical Emergency,Child with respiratory symptoms reported; possible exposure to contaminant.,Citizen Report,4,Verified,High,Audio,TRUE,Medical Services,Low,Verified,2026-09-04 14:40:07.159156+00:00
RPT-00244,2026-09-02 01:45:09.521987+00:00,East District,28.620574,77.350702,Road Flooding,Road submerged after heavy rainfall; residents warned to avoid the area.,Field Responder,4,Needs Review,Unknown,,TRUE,Disaster Management,Low,Pending,2026-09-02 04:24:38.515251+00:00
RPT-00245,2026-09-04 15:46:03.114734+00:00,West District,28.648966,76.959834,Power Outage,Transformer explosion reported; area in complete darkness.,Emergency Call,4,Verified,Low,,TRUE,Emergency Services,Medium,Verified,2026-09-04 15:47:38.559769+00:00
RPT-00246,2026-09-04 14:42:24.915140+00:00,West District,28.648996,76.958175,Water Contamination,Sensor alert: pH level outside safe range in distribution main.,Department Report,10,Verified,Low,Video,FALSE,Emergency Services,High,Verified,2026-09-04 15:00:28.338548+00:00
RPT-00247,2026-09-03 01:48:31.744599+00:00,West District,28.642805,76.934612,Power Outage,Street lighting out; increased security risk in affected area.,Citizen Report,12,Pending,Medium,Photo,TRUE,Electricity Department,Medium,Needs Review,2026-09-03 03:03:14.704562+00:00
RPT-00248,2026-09-04 15:38:05.210317+00:00,East District,28.624104,77.345826,Power Outage,Repeated fluctuations followed by complete outage; residents concerned.,Sensor,2,Pending,High,,FALSE,Emergency Services,Medium,Needs Review,2026-09-04 15:39:33.632333+00:00
RPT-00249,2026-09-02 01:58:55.659857+00:00,Riverside,28.663422,77.277906,Structural Damage,Multiple reports of ceiling damage in adjacent buildings after tremor.,Department Report,8,Needs Review,High,Video,TRUE,Emergency Services,Critical,Pending,2026-09-02 16:58:32.664029+00:00
RPT-00250,2026-09-04 15:37:26.451889+00:00,East District,28.615257,77.352083,Evacuation Needed,Families stranded; evacuation routes blocked by debris.,Sensor,10,Needs Review,Low,Photo,TRUE,Disaster Management,High,Needs Review,2026-09-04 15:38:39.010556+00:00
RPT-00251,2026-09-02 02:48:28.694586+00:00,North District,28.764009,77.124306,Medical Emergency,Mass casualty event suspected following building partial collapse.,Emergency Call,3,Verified,High,Unavailable,TRUE,Emergency Services,,Verified,2026-09-02 12:17:05.100527+00:00
RPT-00252,2026-09-04 15:26:09.630497+00:00,Industrial Zone,28.571276,77.094128,Structural Damage,Multiple reports of ceiling damage in adjacent buildings after tremor.,Emergency Call,7,Pending,Exact,Unavailable,TRUE,Disaster Management,Medium,Pending,2026-09-04 15:27:36.799290+00:00
RPT-00253,2026-09-04 15:48:20.007206+00:00,Riverside,28.670463,77.2815,Structural Damage,Drainage overflow causing road flooding; pedestrian safety at risk.,Citizen Report,9,Needs Review,Exact,,TRUE,Emergency Services,Low,Pending,2026-09-04 15:48:44.956661+00:00
RPT-00254,2026-09-04 13:22:41.090292+00:00,Industrial Zone,28.572477,77.073376,Structural Damage,Partial collapse of boundary wall after last night's storm.,Field Responder,7,Needs Review,Exact,Video,TRUE,Public Works,High,Needs Review,2026-09-04 13:49:38.816867+00:00
RPT-00255,2026-09-03 00:39:40.321672+00:00,Central District,28.634511,77.230579,Evacuation Needed,Residents refusing to evacuate despite imminent structural risk.,Citizen Report,15,Pending,High,Unavailable,TRUE,Emergency Services,Critical,Pending,2026-09-03 05:36:32.537654+00:00
RPT-00256,2026-09-04 15:42:52.183709+00:00,Old Town,28.660294,77.225294,Structural Damage,Overhead bridge shows signs of structural instability; area cordoned off.,Department Report,2,Rejected,Exact,,TRUE,Public Works,High,Rejected,2026-09-04 15:45:43.987072+00:00
RPT-00257,2026-09-01 21:52:59.864320+00:00,North District,28.74658,77.107978,Power Outage,Street lighting out; increased security risk in affected area.,Citizen Report,20,Pending,Medium,Video,TRUE,Emergency Services,Medium,Pending,2026-09-01 23:32:40.322835+00:00
RPT-00258,2026-09-04 13:31:21.346749+00:00,Central District,28.633525,77.231661,Medical Emergency,Person found unresponsive; bystanders performing CPR; ambulance en route.,Emergency Call,5,Verified,Exact,Unavailable,UNKNOWN,Medical Services,Low,Verified,2026-09-04 13:49:57.841569+00:00
RPT-00259,2026-09-04 15:09:44.230620+00:00,Industrial Zone,28.570901,77.075215,Evacuation Needed,Chemical leak nearby necessitates immediate area evacuation.,Citizen Report,8,Verified,Low,Photo,TRUE,Public Works,Critical,Verified,2026-09-04 15:14:36.786898+00:00
RPT-00260,2026-09-03 23:20:24.794096+00:00,South District,28.499851,77.166948,Water Contamination,Residents report discoloured tap water with unusual odour.,Department Report,13,Verified,Exact,,FALSE,Emergency Services,High,Verified,2026-09-04 04:08:46.681627+00:00
RPT-00261,2026-09-04 11:06:09.021089+00:00,Old Town,28.659585,77.227119,Structural Damage,Partial collapse of boundary wall after last night's storm.,Field Responder,0,Pending,High,Video,TRUE,Emergency Services,Medium,Needs Review,2026-09-04 11:58:16.274457+00:00
RPT-00262,2026-09-04 15:41:54.335253+00:00,North District,28.75437,77.13675,Medical Emergency,Emergency call received about a person trapped and showing signs of distress.,Department Report,4,Verified,High,Video,TRUE,Medical Services,,Verified,2026-09-04 15:42:36.930822+00:00
RPT-00263,,Industrial Zone,28.576011,77.083293,Power Outage,Electricity supply disrupted; hospitals on backup generators.,Sensor,19,Rejected,High,,TRUE,Emergency Services,Low,Rejected,
RPT-00264,2026-09-04 15:49:14.187048+00:00,Old Town,28.660676,77.226646,Structural Damage,Old structure shows severe erosion damage; engineer inspection required.,Citizen Report,8,Needs Review,High,Photo,TRUE,Disaster Management,Medium,Pending,2026-09-04 15:49:49.900106+00:00
RPT-00265,2026-09-04 15:55:11.503595+00:00,Central District,28.624639,77.200457,Evacuation Needed,Evacuation shelters at capacity; additional sites urgently required.,Sensor,24,Verified,Exact,Audio,TRUE,Disaster Management,Critical,Verified,2026-09-04 15:55:15.556851+00:00
RPT-00266,2026-09-04 14:43:42.470591+00:00,Riverside,28.666818,77.272928,Structural Damage,Field responder confirms structural cracks on load-bearing column.,Department Report,1,Verified,Medium,Photo,FALSE,Public Works,High,Verified,2026-09-04 14:47:37.733073+00:00
RPT-00267,2026-09-04 14:36:58.984601+00:00,Central District,28.634072,77.232083,Evacuation Needed,Rising floodwater threatening neighbourhood; evacuation in progress.,Department Report,11,Verified,Exact,Audio,TRUE,Emergency Services,High,Verified,2026-09-04 14:40:43.485333+00:00
RPT-00268,2026-09-02 00:36:36.669722+00:00,Old Town,28.64884,77.223311,Road Flooding,Drainage overflow causing road flooding; pedestrian safety at risk.,Field Responder,5,Verified,Exact,Photo,UNKNOWN,Emergency Services,High,Verified,2026-09-02 09:56:10.623353+00:00
RPT-00269,2026-09-03 08:54:24.051414+00:00,East District,28.633515,77.35598,Structural Damage,Possible structural damage observed near a residential building following tremors.,Emergency Call,6,Needs Review,Exact,,TRUE,Disaster Management,Critical,Needs Review,2026-09-03 08:57:25.397501+00:00
RPT-00270,2026-09-03 09:51:13.615538+00:00,Central District,28.631803,77.225767,Power Outage,Sensor network confirms power failure across the grid sector.,Department Report,17,Verified,Medium,Video,TRUE,Public Works,,Verified,2026-09-03 13:28:13.980132+00:00
RPT-00271,2026-09-04 15:50:36.776464+00:00,West District,28.645016,76.935307,Structural Damage,Old structure shows severe erosion damage; engineer inspection required.,Field Responder,2,Needs Review,High,,TRUE,Emergency Services,Medium,Needs Review,2026-09-04 15:50:52.080765+00:00
RPT-00272,2026-09-04 12:08:58.235671+00:00,Old Town,28.653092,77.237333,Power Outage,Transformer explosion reported; area in complete darkness.,Emergency Call,7,Needs Review,Low,,TRUE,Electricity Department,Medium,Pending,2026-09-04 12:31:51.456215+00:00
RPT-00273,2026-09-04 11:00:10.168293+00:00,Central District,28.626553,77.226841,Evacuation Needed,Chemical leak nearby necessitates immediate area evacuation.,Emergency Call,12,Verified,Exact,Unavailable,FALSE,Public Works,High,Verified,2026-09-04 12:19:22.400711+00:00
RPT-00274,2026-09-02 11:03:37.149002+00:00,East District,28.627743,77.339465,Medical Emergency,Mass casualty event suspected following building partial collapse.,Field Responder,1,Verified,Medium,Photo,TRUE,Medical Services,,Verified,2026-09-02 20:39:56.556331+00:00
RPT-00275,2026-09-02 11:42:10.554872+00:00,Riverside,28.669936,77.262721,Medical Emergency,Multiple casualties reported at scene; medical teams needed urgently.,Citizen Report,1,Verified,High,Photo,TRUE,Medical Services,,Verified,2026-09-02 12:57:28.261915+00:00
RPT-00276,2026-09-03 08:13:08.686041+00:00,South District,28.510441,77.174745,Road Flooding,Standing water blocking access road; multiple vehicles stranded.,Citizen Report,1,Pending,Exact,Photo,TRUE,Disaster Management,Low,Pending,2026-09-03 10:24:08.310443+00:00
RPT-00277,2026-09-04 14:02:20.682433+00:00,East District,28.615176,77.348977,Structural Damage,Multiple reports of ceiling damage in adjacent buildings after tremor.,Field Responder,8,Rejected,Medium,Video,TRUE,Emergency Services,High,Rejected,2026-09-04 14:20:53.037891+00:00
RPT-00278,2026-09-04 15:40:49.643408+00:00,Industrial Zone,28.569826,77.078154,Water Contamination,Possible sewage intrusion into potable water supply reported.,Citizen Report,8,Verified,Low,Video,TRUE,Public Works,Medium,Verified,2026-09-04 15:43:21.379212+00:00
RPT-00279,2026-09-04 12:18:07.148551+00:00,North District,28.745565,77.107089,Medical Emergency,Mass casualty event suspected following building partial collapse.,Citizen Report,4,Verified,Exact,Video,TRUE,Emergency Services,Low,Verified,2026-09-04 12:54:55.003417+00:00
RPT-00280,2026-09-03 21:54:36.199335+00:00,Industrial Zone,28.582405,77.074526,Water Contamination,Illegal industrial discharge suspected to have contaminated water source.,Sensor,11,Pending,Exact,Unavailable,TRUE,Medical Services,High,Needs Review,2026-09-03 23:28:38.090241+00:00
RPT-00281,2026-09-03 18:35:00.370752+00:00,Old Town,28.655362,77.231098,Power Outage,Sensor network confirms power failure across the grid sector.,Sensor,11,Verified,High,Unavailable,FALSE,Electricity Department,,Verified,2026-09-03 19:32:57.356645+00:00
RPT-00282,2026-09-04 13:10:48.576048+00:00,Central District,28.631569,77.210838,Medical Emergency,Mass casualty event suspected following building partial collapse.,Field Responder,1,Needs Review,Exact,Photo,TRUE,Emergency Services,,Pending,2026-09-04 13:52:45.006328+00:00
RPT-00283,2026-09-03 13:20:58.959803+00:00,West District,28.623721,76.967986,Road Flooding,"Heavy water accumulation reported near the main road, vehicles unable to pass.",Citizen Report,12,Pending,Medium,Photo,TRUE,Emergency Services,High,Pending,2026-09-03 15:55:39.646280+00:00
RPT-00284,2026-09-04 15:45:01.193708+00:00,South District,28.499703,77.197115,Evacuation Needed,Chemical leak nearby necessitates immediate area evacuation.,Department Report,6,Verified,High,,TRUE,Public Works,High,Verified,2026-09-04 15:47:06.602652+00:00
RPT-00285,2026-09-04 14:00:07.339315+00:00,North District,28.736625,77.111034,Road Flooding,"Heavy water accumulation reported near the main road, vehicles unable to pass.",Field Responder,2,Pending,High,Photo,FALSE,Public Works,Low,Pending,2026-09-04 14:26:44.422211+00:00
RPT-00286,2026-09-04 15:37:47.367247+00:00,South District,28.505119,77.186208,Structural Damage,Old structure shows severe erosion damage; engineer inspection required.,Department Report,0,Pending,High,Video,FALSE,Disaster Management,Medium,Needs Review,2026-09-04 15:41:50.894122+00:00
RPT-00287,2026-09-04 15:10:53.407300+00:00,Old Town,28.65614,77.233584,Water Contamination,Water department confirms contamination in sector; do-not-drink advisory issued.,Citizen Report,15,Needs Review,Low,Video,TRUE,Medical Services,Critical,Needs Review,2026-09-04 15:14:31.676791+00:00
RPT-00288,2026-09-02 07:24:37.723973+00:00,Industrial Zone,28.578471,77.061869,Water Contamination,Chemical smell detected in municipal water supply in the district.,Emergency Call,12,Needs Review,Unknown,Video,TRUE,Public Works,High,Pending,2026-09-02 10:01:29.229469+00:00
RPT-00289,2026-09-04 10:36:13.431883+00:00,Riverside,28.673742,77.274671,Water Contamination,Blue-green algae bloom observed in reservoir; water supply may be affected.,Sensor,4,Pending,Exact,,TRUE,Public Works,Medium,Pending,2026-09-04 11:39:31.488904+00:00
RPT-00290,2026-09-04 14:23:52.237188+00:00,Central District,28.634038,77.221715,Evacuation Needed,Families stranded; evacuation routes blocked by debris.,Field Responder,5,Verified,Exact,Video,TRUE,Public Works,Critical,Verified,2026-09-04 14:48:43.861937+00:00
RPT-00291,2026-09-04 12:57:13.957448+00:00,Central District,28.620393,77.217638,Road Flooding,Road submerged after heavy rainfall; residents warned to avoid the area.,Emergency Call,1,Pending,Medium,Photo,TRUE,Disaster Management,Low,Needs Review,2026-09-04 13:30:56.669063+00:00
RPT-00292,2026-09-04 11:19:07.685979+00:00,Industrial Zone,28.5797,77.065,Evacuation Needed,Neighbourhood cordoned off; evacuation underway with police assistance.,Sensor,6,Pending,Low,,TRUE,Public Works,Critical,Pending,2026-09-04 12:03:37.475456+00:00
RPT-00293,2026-09-01 20:49:23.636258+00:00,Riverside,28.65709,77.263697,Power Outage,Sensor network confirms power failure across the grid sector.,Department Report,9,Verified,Low,Video,TRUE,Emergency Services,Low,Verified,2026-09-02 01:56:24.018771+00:00
RPT-00294,2026-09-04 14:20:55.549712+00:00,North District,28.745768,77.086133,Medical Emergency,Emergency call received about a person trapped and showing signs of distress.,Department Report,2,Rejected,High,,TRUE,Emergency Services,,Rejected,2026-09-04 14:48:05.823382+00:00
RPT-00295,2026-09-04 11:40:21.609974+00:00,East District,28.627372,77.356202,Evacuation Needed,Rising floodwater threatening neighbourhood; evacuation in progress.,Department Report,10,Verified,Medium,Photo,TRUE,Disaster Management,High,Verified,2026-09-04 11:57:05.813726+00:00
RPT-00296,2026-09-03 06:27:30.586148+00:00,East District,28.602915,77.351576,Medical Emergency,Injured person found in flooded basement; rescue and medical support needed.,Department Report,0,Pending,High,,TRUE,Medical Services,Low,Needs Review,2026-09-03 15:10:39.748523+00:00
RPT-00297,2026-09-04 15:45:57.724350+00:00,North District,28.740573,77.107348,Evacuation Needed,Multiple elderly residents require assisted evacuation support.,Field Responder,13,Verified,High,,TRUE,Disaster Management,High,Verified,2026-09-04 15:47:15.328984+00:00
RPT-00298,2026-09-04 13:36:31.007646+00:00,South District,28.501444,77.189775,Evacuation Needed,Residents refusing to evacuate despite imminent structural risk.,Citizen Report,18,Verified,Exact,Photo,TRUE,Disaster Management,High,Verified,2026-09-04 13:57:39.386259+00:00
RPT-00299,2026-09-04 13:29:55.714918+00:00,West District,28.628406,76.951107,Medical Emergency,Child with respiratory symptoms reported; possible exposure to contaminant.,Emergency Call,2,Pending,High,Unavailable,TRUE,Medical Services,,Needs Review,2026-09-04 13:48:10.106399+00:00
RPT-00300,2026-09-04 14:29:58.381933+00:00,Riverside,28.669264,77.269261,Power Outage,Complete power failure affecting an estimated 500 households.,Department Report,6,Verified,Medium,,UNKNOWN,Emergency Services,Low,Verified,2026-09-04 14:34:02.559500+00:00
RPT-00301,2026-09-04 14:45:26.710681+00:00,West District,28.657357,76.94279,Road Flooding,Drainage overflow causing road flooding; pedestrian safety at risk.,Emergency Call,4,Verified,High,Photo,TRUE,Disaster Management,Low,Verified,2026-09-04 14:49:48.968440+00:00
RPT-00302,2026-09-04 13:44:11.717485+00:00,Old Town,28.644281,77.216927,Evacuation Needed,Mandatory evacuation ordered for low-lying residential blocks.,Field Responder,4,Pending,High,Audio,UNKNOWN,Disaster Management,High,Pending,2026-09-04 14:10:16.148981+00:00
RPT-00303,2026-09-04 13:35:48.647435+00:00,Riverside,28.670517,77.269113,Power Outage,Sensor network confirms power failure across the grid sector.,Citizen Report,5,Rejected,Low,,TRUE,Emergency Services,Medium,Rejected,2026-09-04 13:44:13.840020+00:00
RPT-00304,2026-09-04 13:57:21.380275+00:00,North District,28.771902,77.126705,Water Contamination,Chemical smell detected in municipal water supply in the district.,Citizen Report,3,Needs Review,Low,Video,TRUE,Emergency Services,Critical,Pending,2026-09-04 14:32:27.721516+00:00
RPT-00305,2026-09-04 10:06:23.423080+00:00,Central District,28.639125,77.208383,Water Contamination,Multiple residents hospitalised with gastrointestinal symptoms after water consumption.,Sensor,6,Needs Review,Medium,Audio,TRUE,Public Works,Medium,Needs Review,2026-09-04 11:10:47.860116+00:00
RPT-00306,2026-09-03 20:35:47.233638+00:00,East District,28.613802,77.353858,Evacuation Needed,Evacuation order issued for industrial zone due to hazardous spill.,Sensor,9,Verified,Low,,TRUE,Public Works,High,Verified,2026-09-03 21:23:53.818154+00:00
RPT-00307,2026-09-01 23:51:36.805600+00:00,East District,28.614266,77.339275,Medical Emergency,Mass casualty event suspected following building partial collapse.,Emergency Call,2,Needs Review,Exact,Video,TRUE,Medical Services,,Needs Review,2026-09-02 07:49:14.926951+00:00
RPT-00308,2026-09-04 15:39:11.812761+00:00,Central District,28.632237,77.224213,Water Contamination,Illegal industrial discharge suspected to have contaminated water source.,Department Report,10,Verified,High,Photo,TRUE,Medical Services,Critical,Verified,2026-09-04 15:39:37.189241+00:00
RPT-00309,,Old Town,28.653902,77.224358,Evacuation Needed,Mass evacuation of high-rise building due to fire and smoke.,Citizen Report,9,Verified,Low,Audio,TRUE,Emergency Services,High,Verified,
RPT-00310,2026-09-04 15:45:54.346464+00:00,West District,28.640145,76.946305,Structural Damage,Field responder confirms structural cracks on load-bearing column.,Emergency Call,7,Pending,High,,TRUE,Disaster Management,High,Needs Review,2026-09-04 15:47:09.865792+00:00
RPT-00311,2026-09-04 13:45:06.290598+00:00,North District,28.739131,77.118298,Water Contamination,Sensor alert: pH level outside safe range in distribution main.,Sensor,1,Verified,Unknown,Photo,TRUE,Emergency Services,Critical,Verified,2026-09-04 13:56:37.246512+00:00
RPT-00312,2026-09-04 10:22:17.821603+00:00,Old Town,28.657008,77.234337,Power Outage,Widespread outage affecting critical facilities including water treatment plant.,Sensor,16,Pending,Exact,Unavailable,TRUE,Public Works,Medium,Pending,2026-09-04 11:17:09.103179+00:00
RPT-00313,2026-09-04 14:24:56.592379+00:00,North District,28.755773,77.134457,Medical Emergency,Caller reports two unconscious individuals at the site.,Emergency Call,5,Verified,Exact,Photo,TRUE,Emergency Services,Low,Verified,2026-09-04 14:27:27.592836+00:00
RPT-00314,2026-09-04 00:02:34.824146+00:00,Industrial Zone,28.577165,77.056325,Road Flooding,Road submerged after heavy rainfall; residents warned to avoid the area.,Field Responder,0,Pending,Exact,Photo,TRUE,Disaster Management,Medium,Needs Review,2026-09-04 04:11:19.733275+00:00
RPT-00315,2026-09-04 11:57:15.696809+00:00,Industrial Zone,28.575842,77.093306,Road Flooding,Emergency vehicles unable to reach destination due to flooded road.,Sensor,3,Needs Review,Medium,Video,TRUE,Public Works,Low,Pending,2026-09-04 12:55:19.164381+00:00
RPT-00316,2026-09-04 11:43:07.444531+00:00,West District,28.632289,76.94398,Structural Damage,Possible structural damage observed near a residential building following tremors.,Emergency Call,0,Verified,Exact,Unavailable,TRUE,Disaster Management,Critical,Verified,2026-09-04 12:45:57.701509+00:00
RPT-00317,2026-09-04 14:32:32.320016+00:00,Riverside,28.677637,77.272691,Road Flooding,Emergency vehicles unable to reach destination due to flooded road.,Field Responder,0,Pending,High,Audio,TRUE,Emergency Services,Low,Pending,2026-09-04 14:50:15.490568+00:00
RPT-00318,2026-09-04 15:49:52.409906+00:00,Old Town,28.654981,77.22433,Structural Damage,Roof section collapsed on commercial premises; no injuries reported yet.,Field Responder,6,Pending,Medium,Photo,UNKNOWN,Emergency Services,High,Needs Review,2026-09-04 15:50:07.921566+00:00
RPT-00319,2026-09-04 09:58:07.794634+00:00,West District,28.636325,76.937028,Medical Emergency,Multiple casualties reported at scene; medical teams needed urgently.,Emergency Call,3,Verified,Exact,Unavailable,TRUE,Emergency Services,Low,Verified,2026-09-04 10:36:13.158274+00:00
RPT-00320,2026-09-04 14:37:19.704703+00:00,Old Town,28.65198,77.230178,Medical Emergency,Medical assistance reportedly required near the intersection.,Department Report,0,Pending,High,Audio,TRUE,Medical Services,,Pending,2026-09-04 14:47:13.844342+00:00
RPT-00321,2026-09-04 15:51:56.190465+00:00,West District,28.645349,76.950475,Evacuation Needed,Neighbourhood cordoned off; evacuation underway with police assistance.,Emergency Call,19,Verified,High,,UNKNOWN,Disaster Management,Critical,Verified,2026-09-04 15:52:31.829510+00:00
RPT-00322,2026-09-04 12:36:30.566041+00:00,East District,28.625222,77.367786,Road Flooding,Low-lying road completely inundated following storm surge.,Sensor,7,Needs Review,Low,,UNKNOWN,Disaster Management,Low,Pending,2026-09-04 13:23:38.942663+00:00
RPT-00323,2026-09-04 14:13:39.488399+00:00,Central District,28.621707,77.21522,Road Flooding,Low-lying road completely inundated following storm surge.,Field Responder,10,Needs Review,Low,Audio,TRUE,Public Works,High,Pending,2026-09-04 14:24:09.971727+00:00
RPT-00324,2026-09-04 10:08:45.679869+00:00,Industrial Zone,28.581376,77.084052,Structural Damage,Roof section collapsed on commercial premises; no injuries reported yet.,Citizen Report,1,Verified,Exact,Video,TRUE,Emergency Services,High,Verified,2026-09-04 10:31:20.258657+00:00
RPT-00325,2026-09-04 10:50:48.466854+00:00,North District,28.753842,77.093863,Power Outage,Complete power failure affecting an estimated 500 households.,Citizen Report,6,Needs Review,High,Unavailable,FALSE,Public Works,Medium,Pending,2026-09-04 11:03:58.066053+00:00
RPT-00326,2026-09-04 15:49:55.956754+00:00,East District,28.620607,77.352622,Evacuation Needed,Evacuation order issued for industrial zone due to hazardous spill.,Citizen Report,4,Verified,High,Unavailable,TRUE,Emergency Services,Critical,Verified,2026-09-04 15:50:01.772972+00:00
RPT-00327,2026-09-03 15:57:13.505560+00:00,Old Town,28.657036,77.23375,Power Outage,Water samples show elevated turbidity following pipeline damage.,Department Report,5,Verified,Exact,Video,UNKNOWN,Public Works,High,Verified,2026-09-03 17:05:14.982001+00:00
RPT-00328,2026-09-04 13:25:43.079436+00:00,Riverside,28.668736,77.284248,Power Outage,Multiple residents report loss of electrical power in the neighbourhood.,Department Report,11,Verified,Exact,Unavailable,TRUE,Electricity Department,,Verified,2026-09-04 13:47:04.383877+00:00
RPT-00329,2026-09-02 22:44:20.125961+00:00,South District,28.494378,77.183359,Road Flooding,Residents report rapidly rising water levels along the service road.,Field Responder,4,Pending,Exact,Audio,FALSE,Disaster Management,Medium,Pending,2026-09-03 10:46:35.596635+00:00
RPT-00330,2026-09-02 14:02:49.230100+00:00,Old Town,28.658389,77.232968,Road Flooding,Flooding on underpass reported by commuters; immediate attention needed.,Sensor,9,Needs Review,Medium,,TRUE,Public Works,Low,Pending,2026-09-03 01:51:19.728456+00:00
RPT-00331,2026-09-04 02:53:17.389423+00:00,South District,28.490806,77.181724,Road Flooding,"Floodwater covering the intersection, depth estimated at 30 cm.",Sensor,9,Pending,High,Photo,TRUE,Emergency Services,High,Pending,2026-09-04 05:04:02.231735+00:00
RPT-00332,2026-09-04 10:48:42.023803+00:00,Old Town,28.650974,77.233617,Evacuation Needed,Families stranded; evacuation routes blocked by debris.,Sensor,5,Verified,Exact,Photo,UNKNOWN,Disaster Management,Critical,Verified,2026-09-04 11:28:57.469084+00:00
RPT-00333,2026-09-04 12:43:00.430647+00:00,East District,28.618319,77.346565,Structural Damage,Multiple reports of ceiling damage in adjacent buildings after tremor.,Department Report,7,Verified,Exact,Unavailable,TRUE,Disaster Management,Critical,Verified,2026-09-04 13:06:36.940519+00:00
RPT-00334,2026-09-04 14:37:18.040418+00:00,Industrial Zone,28.575157,77.091196,Evacuation Needed,Evacuation shelters at capacity; additional sites urgently required.,Field Responder,7,Verified,Exact,Video,TRUE,Emergency Services,High,Verified,2026-09-04 14:47:59.013269+00:00
RPT-00335,2026-09-02 01:41:00.914428+00:00,Central District,28.618007,77.212441,Power Outage,Repeated fluctuations followed by complete outage; residents concerned.,Department Report,2,Verified,Medium,Video,TRUE,Electricity Department,Medium,Verified,2026-09-02 02:50:57.810371+00:00
RPT-00336,2026-09-04 12:12:29.408369+00:00,Riverside,28.672514,77.273107,Road Flooding,Road submerged after heavy rainfall; residents warned to avoid the area.,Citizen Report,6,Verified,Exact,Photo,FALSE,Disaster Management,High,Verified,2026-09-04 12:26:42.725748+00:00
RPT-00337,2026-09-02 14:31:32.761903+00:00,Industrial Zone,28.583766,77.073072,Structural Damage,Partial collapse of boundary wall after last night's storm.,Emergency Call,2,Pending,Medium,Photo,TRUE,Disaster Management,Medium,Pending,2026-09-03 04:58:54.018498+00:00
RPT-00338,2026-09-04 13:02:45.475841+00:00,Industrial Zone,28.589726,77.065659,Water Contamination,Residents report discoloured tap water with unusual odour.,Emergency Call,9,Verified,Unknown,Unavailable,UNKNOWN,Public Works,High,Verified,2026-09-04 13:24:57.220894+00:00
RPT-00339,2026-09-04 10:06:07.121471+00:00,West District,28.638506,76.942303,Water Contamination,Blue-green algae bloom observed in reservoir; water supply may be affected.,Emergency Call,10,Verified,Medium,Audio,TRUE,Water Department,Medium,Verified,2026-09-04 10:14:32.696531+00:00
RPT-00340,2026-09-04 11:29:48.381825+00:00,Old Town,28.64919,77.229224,Power Outage,Repeated fluctuations followed by complete outage; residents concerned.,Emergency Call,4,Verified,Exact,,TRUE,Public Works,Medium,Verified,2026-09-04 12:42:13.117070+00:00
RPT-00341,2026-09-04 13:42:11.729277+00:00,Old Town,28.649614,77.229463,Medical Emergency,Multiple casualties reported at scene; medical teams needed urgently.,Field Responder,1,Needs Review,High,Photo,TRUE,Emergency Services,Low,Pending,2026-09-04 14:01:19.297220+00:00
RPT-00342,2026-09-04 12:50:53.018613+00:00,Central District,28.633036,77.209563,Water Contamination,Water samples show elevated turbidity following pipeline damage.,Citizen Report,2,Pending,High,Unavailable,TRUE,Public Works,Critical,Needs Review,2026-09-04 13:05:13.547374+00:00
RPT-00343,,East District,28.615847,77.341914,Evacuation Needed,Neighbourhood cordoned off; evacuation underway with police assistance.,Department Report,19,Pending,Exact,,UNKNOWN,Disaster Management,High,Needs Review,
RPT-00344,2026-09-04 14:34:29.900153+00:00,Old Town,28.655086,77.223808,Structural Damage,Cracks reported on the exterior walls of the apartment block.,Sensor,2,Needs Review,High,Photo,FALSE,Disaster Management,Critical,Needs Review,2026-09-04 14:53:10.942719+00:00
RPT-00345,2026-09-03 04:19:36.364894+00:00,Old Town,28.652479,77.239422,Medical Emergency,Severe trauma case reported by field responder; air evacuation may be needed.,Department Report,2,Needs Review,Medium,Audio,TRUE,Emergency Services,Low,Pending,2026-09-03 11:34:39.318435+00:00
RPT-00346,2026-09-04 10:51:22.770446+00:00,South District,28.512383,77.171551,Road Flooding,Emergency vehicles unable to reach destination due to flooded road.,Sensor,4,Pending,High,Audio,FALSE,Emergency Services,Medium,Needs Review,2026-09-04 12:00:02.779739+00:00
RPT-00347,2026-09-03 10:44:55.843723+00:00,Riverside,28.664455,77.252962,Evacuation Needed,Mass evacuation of high-rise building due to fire and smoke.,Emergency Call,5,Pending,High,Unavailable,TRUE,Public Works,High,Pending,2026-09-03 17:06:07.413976+00:00
RPT-00348,2026-09-02 15:11:13.717901+00:00,South District,28.512581,77.185638,Road Flooding,Road submerged after heavy rainfall; residents warned to avoid the area.,Citizen Report,1,Needs Review,Low,Audio,TRUE,Disaster Management,Low,Needs Review,2026-09-03 02:56:12.424618+00:00
RPT-00349,2026-09-04 14:19:57.537885+00:00,East District,28.619812,77.361215,Water Contamination,Residents report discoloured tap water with unusual odour.,Sensor,15,Verified,Medium,Unavailable,UNKNOWN,Emergency Services,Critical,Verified,2026-09-04 14:28:01.565964+00:00
RPT-00350,2026-09-04 12:13:26.093566+00:00,North District,28.749053,77.141938,Power Outage,Complete power failure affecting an estimated 500 households.,Sensor,14,Needs Review,High,Video,TRUE,Public Works,,Pending,2026-09-04 12:54:36.089440+00:00
RPT-00351,2026-09-04 15:51:04.709627+00:00,Central District,28.63186,77.221881,Water Contamination,Water department confirms contamination in sector; do-not-drink advisory issued.,Emergency Call,3,Verified,Low,Video,TRUE,Water Department,High,Verified,2026-09-04 15:51:20.693699+00:00
RPT-00352,2026-09-02 06:28:48.564229+00:00,North District,28.726396,77.117254,Evacuation Needed,Evacuation order issued for industrial zone due to hazardous spill.,Citizen Report,20,Verified,Low,Audio,TRUE,Disaster Management,High,Verified,2026-09-02 08:34:11.223228+00:00
RPT-00353,2026-09-04 15:51:10.397758+00:00,Riverside,28.668319,77.264478,Power Outage,Widespread outage affecting critical facilities including water treatment plant.,Sensor,11,Verified,Medium,Photo,TRUE,Electricity Department,Low,Verified,2026-09-04 15:51:30.209407+00:00
RPT-00354,2026-09-04 15:48:49.648224+00:00,Riverside,28.661707,77.271057,Water Contamination,Blue-green algae bloom observed in reservoir; water supply may be affected.,Field Responder,1,Needs Review,Exact,Photo,TRUE,Water Department,Medium,Needs Review,2026-09-04 15:49:34.561254+00:00
RPT-00355,2026-09-04 15:34:22.334188+00:00,North District,28.753305,77.12094,Medical Emergency,Caller reports two unconscious individuals at the site.,Emergency Call,5,Needs Review,Exact,Photo,TRUE,Medical Services,Low,Needs Review,2026-09-04 15:39:21.036200+00:00
RPT-00356,2026-09-04 15:44:40.421711+00:00,North District,28.750665,77.137341,Medical Emergency,Person found unresponsive; bystanders performing CPR; ambulance en route.,Emergency Call,3,Verified,Exact,Audio,UNKNOWN,Emergency Services,,Verified,2026-09-04 15:45:05.623109+00:00
RPT-00357,2026-09-04 12:36:24.891388+00:00,South District,28.503536,77.168085,Structural Damage,Partial collapse of boundary wall after last night's storm.,Emergency Call,8,Pending,Exact,Video,UNKNOWN,Disaster Management,Critical,Pending,2026-09-04 12:43:40.707273+00:00
RPT-00358,2026-09-04 15:56:49.643471+00:00,Riverside,28.665941,77.267877,Structural Damage,Multiple reports of ceiling damage in adjacent buildings after tremor.,Department Report,6,Needs Review,High,Photo,UNKNOWN,Public Works,Critical,Needs Review,2026-09-04 15:57:45.211688+00:00
RPT-00359,2026-09-04 14:49:26.852966+00:00,Old Town,28.653844,77.226187,Medical Emergency,Emergency call received about a person trapped and showing signs of distress.,Field Responder,1,Verified,Medium,Unavailable,TRUE,Emergency Services,,Verified,2026-09-04 15:08:41.263299+00:00
RPT-00360,2026-09-04 15:36:21.810245+00:00,West District,28.648387,76.977434,Road Flooding,Road submerged after heavy rainfall; residents warned to avoid the area.,Citizen Report,3,Verified,High,Audio,FALSE,Disaster Management,High,Verified,2026-09-04 15:37:03.535374+00:00
RPT-00361,2026-09-03 04:02:28.268716+00:00,Old Town,28.658192,77.237996,Medical Emergency,Medical assistance reportedly required near the intersection.,Emergency Call,3,Verified,High,,TRUE,Emergency Services,,Verified,2026-09-03 05:09:57.756853+00:00
RPT-00362,2026-09-03 18:45:53.120287+00:00,East District,28.622038,77.338764,Structural Damage,Building foundation appears compromised; residents evacuated as precaution.,Field Responder,5,Verified,High,Photo,FALSE,Disaster Management,High,Verified,2026-09-03 19:27:52.839980+00:00
RPT-00363,2026-09-04 13:14:12.070043+00:00,Industrial Zone,28.584779,77.073771,Water Contamination,Illegal industrial discharge suspected to have contaminated water source.,Department Report,15,Verified,Low,,TRUE,Emergency Services,Medium,Verified,2026-09-04 13:32:26.090951+00:00
RPT-00364,2026-09-04 15:05:51.616214+00:00,Riverside,28.672657,77.269383,Water Contamination,Pipe burst near waste facility; contamination risk flagged by engineers.,Department Report,3,Needs Review,Unknown,,TRUE,Water Department,High,Pending,2026-09-04 15:19:26.543975+00:00
RPT-00365,2026-09-04 15:50:30.845736+00:00,East District,28.61105,77.34402,Water Contamination,Multiple residents hospitalised with gastrointestinal symptoms after water consumption.,Department Report,10,Verified,Low,,TRUE,Emergency Services,Medium,Verified,2026-09-04 15:52:11.709218+00:00
RPT-00366,2026-09-04 12:14:46.098999+00:00,West District,28.648329,76.941586,Evacuation Needed,Rising floodwater threatening neighbourhood; evacuation in progress.,Department Report,4,Rejected,High,Unavailable,FALSE,Disaster Management,High,Rejected,2026-09-04 12:41:02.990753+00:00
RPT-00367,2026-09-04 12:43:46.497994+00:00,South District,28.498524,77.179318,Structural Damage,Multiple reports of ceiling damage in adjacent buildings after tremor.,Emergency Call,3,Verified,High,Photo,TRUE,Emergency Services,High,Verified,2026-09-04 13:24:31.813234+00:00
RPT-00368,2026-09-04 15:43:32.054070+00:00,Old Town,28.652445,77.23074,Road Flooding,"Heavy water accumulation reported near the main road, vehicles unable to pass.",Sensor,11,Verified,High,Photo,UNKNOWN,Disaster Management,Medium,Verified,2026-09-04 15:44:52.360119+00:00
RPT-00369,2026-09-04 15:23:31.960426+00:00,West District,28.640771,76.946006,Power Outage,Complete power failure affecting an estimated 500 households.,Department Report,14,Verified,Medium,,TRUE,Electricity Department,,Verified,2026-09-04 15:29:07.936202+00:00
RPT-00370,2026-09-03 15:39:26.413709+00:00,East District,28.625866,77.349132,Structural Damage,Field responder confirms structural cracks on load-bearing column.,Field Responder,5,Verified,High,Unavailable,TRUE,Disaster Management,Medium,Verified,2026-09-03 16:07:08.899041+00:00
RPT-00371,2026-09-04 05:37:03.029391+00:00,South District,28.487894,77.182756,Evacuation Needed,Multiple elderly residents require assisted evacuation support.,Sensor,24,Rejected,Low,,UNKNOWN,Public Works,Critical,Rejected,2026-09-04 08:22:54.827206+00:00
RPT-00372,,East District,28.615215,77.374327,Medical Emergency,Medical assistance reportedly required near the intersection.,Emergency Call,3,Verified,High,Audio,TRUE,Medical Services,,Verified,
RPT-00373,2026-09-04 14:34:06.022339+00:00,East District,28.61176,77.351704,Water Contamination,Pipe burst near waste facility; contamination risk flagged by engineers.,Sensor,14,Pending,Exact,Video,TRUE,Water Department,Medium,Needs Review,2026-09-04 14:42:12.557216+00:00
RPT-00374,2026-09-04 15:51:38.336260+00:00,Old Town,28.649002,77.232025,Evacuation Needed,Residents refusing to evacuate despite imminent structural risk.,Emergency Call,14,Rejected,Medium,Photo,UNKNOWN,Emergency Services,Critical,Rejected,2026-09-04 15:52:21.805500+00:00
RPT-00375,2026-09-04 15:20:23.666286+00:00,Central District,28.631538,77.224525,Structural Damage,Field responder confirms structural cracks on load-bearing column.,Field Responder,5,Verified,High,Photo,TRUE,Public Works,Medium,Verified,2026-09-04 15:28:08.779424+00:00
RPT-00376,2026-09-04 14:00:04.199037+00:00,Riverside,28.659674,77.275202,Structural Damage,Old structure shows severe erosion damage; engineer inspection required.,Department Report,7,Pending,Exact,Video,UNKNOWN,Public Works,High,Needs Review,2026-09-04 14:19:13.062053+00:00
RPT-00377,2026-09-04 14:44:05.097127+00:00,Central District,28.625102,77.22108,Water Contamination,Sensor alert: pH level outside safe range in distribution main.,Emergency Call,12,Needs Review,Unknown,Photo,UNKNOWN,Emergency Services,High,Pending,2026-09-04 14:50:49.089748+00:00
RPT-00378,,Old Town,28.652335,77.234165,Structural Damage,Old structure shows severe erosion damage; engineer inspection required.,Department Report,0,Needs Review,High,Photo,FALSE,Emergency Services,Medium,Pending,
RPT-00379,2026-09-04 15:09:35.207395+00:00,Riverside,28.666183,77.265663,Medical Emergency,Severe trauma case reported by field responder; air evacuation may be needed.,Emergency Call,2,Verified,Medium,Video,TRUE,Medical Services,Low,Verified,2026-09-04 15:15:54.963523+00:00
RPT-00380,2026-09-04 13:22:27.739392+00:00,Old Town,28.654735,77.22379,Water Contamination,Blue-green algae bloom observed in reservoir; water supply may be affected.,Field Responder,15,Verified,Exact,Video,UNKNOWN,Emergency Services,Critical,Verified,2026-09-04 13:36:30.880154+00:00
RPT-00381,2026-09-04 14:14:32.757610+00:00,Industrial Zone,28.586278,77.084765,Road Flooding,Residents report rapidly rising water levels along the service road.,Citizen Report,0,Needs Review,Medium,,UNKNOWN,Disaster Management,Medium,Needs Review,2026-09-04 14:23:26.242926+00:00
RPT-00382,2026-09-04 11:20:01.238266+00:00,Central District,28.62016,77.220487,Evacuation Needed,Chemical leak nearby necessitates immediate area evacuation.,Department Report,12,Rejected,High,Video,UNKNOWN,Emergency Services,Critical,Rejected,2026-09-04 12:34:10.809293+00:00
RPT-00383,2026-09-04 12:02:41.158795+00:00,West District,28.653393,76.953024,Water Contamination,Water samples show elevated turbidity following pipeline damage.,Field Responder,8,Verified,Unknown,,UNKNOWN,Medical Services,Critical,Verified,2026-09-04 12:51:28.440394+00:00
RPT-00384,2026-09-04 14:35:07.788115+00:00,North District,28.75336,77.114089,Water Contamination,Residents report discoloured tap water with unusual odour.,Sensor,3,Verified,Medium,Photo,TRUE,Emergency Services,Critical,Verified,2026-09-04 14:58:34.262621+00:00
RPT-00385,2026-09-03 10:01:20.756939+00:00,South District,28.48301,77.178219,Evacuation Needed,Families stranded; evacuation routes blocked by debris.,Department Report,13,Pending,Exact,Video,TRUE,Public Works,Critical,Needs Review,2026-09-03 14:49:13.551223+00:00
RPT-00386,2026-09-02 21:04:39.666122+00:00,East District,28.61232,77.348899,Road Flooding,Drainage overflow causing road flooding; pedestrian safety at risk.,Sensor,3,Pending,High,,UNKNOWN,Public Works,Low,Pending,2026-09-03 05:56:51.242923+00:00
RPT-00387,2026-09-04 09:59:54.968091+00:00,South District,28.480676,77.193256,Water Contamination,Water department confirms contamination in sector; do-not-drink advisory issued.,Sensor,5,Verified,High,Photo,TRUE,Emergency Services,High,Verified,2026-09-04 10:55:56.729050+00:00
RPT-00388,2026-09-04 02:34:30.951715+00:00,North District,28.749825,77.113974,Power Outage,Sensor network confirms power failure across the grid sector.,Sensor,8,Pending,Exact,,TRUE,Public Works,,Pending,2026-09-04 02:39:02.583205+00:00
RPT-00389,2026-09-02 06:18:44.839633+00:00,West District,28.651064,76.961126,Road Flooding,Waterlogging observed along the central corridor; traffic diverted.,Field Responder,4,Needs Review,Low,Audio,FALSE,Emergency Services,Low,Pending,2026-09-02 22:13:18.544585+00:00
RPT-00390,2026-09-04 15:44:38.517212+00:00,East District,28.619067,77.34786,Structural Damage,Old structure shows severe erosion damage; engineer inspection required.,Field Responder,8,Needs Review,Medium,Video,TRUE,Emergency Services,Medium,Needs Review,2026-09-04 15:47:27.414230+00:00
RPT-00391,2026-09-04 10:07:04.577669+00:00,Central District,28.634743,77.231812,Structural Damage,Field responder confirms structural cracks on load-bearing column.,Field Responder,7,Verified,High,Photo,TRUE,Disaster Management,Critical,Verified,2026-09-04 10:26:03.465949+00:00
RPT-00392,2026-09-04 15:52:00.841199+00:00,West District,28.631847,76.949085,Medical Emergency,Emergency call received about a person trapped and showing signs of distress.,Field Responder,3,Pending,Medium,,TRUE,Medical Services,,Needs Review,2026-09-04 15:52:11.093199+00:00
RPT-00393,2026-09-04 15:40:35.594246+00:00,Central District,28.625566,77.205841,Water Contamination,Water samples show elevated turbidity following pipeline damage.,Department Report,4,Pending,Low,Audio,UNKNOWN,Medical Services,High,Needs Review,2026-09-04 15:43:53.908368+00:00
RPT-00394,,South District,28.507339,77.18819,Evacuation Needed,Rising floodwater threatening neighbourhood; evacuation in progress.,Sensor,9,Verified,Exact,Video,TRUE,Emergency Services,Critical,Verified,
RPT-00395,,Old Town,28.653647,77.239335,Medical Emergency,Severe trauma case reported by field responder; air evacuation may be needed.,Department Report,3,Verified,High,Unavailable,UNKNOWN,Emergency Services,Low,Verified,
RPT-00396,2026-09-04 14:38:27.266344+00:00,South District,28.508341,77.189662,Medical Emergency,Emergency call received about a person trapped and showing signs of distress.,Emergency Call,0,Verified,Exact,Audio,TRUE,Medical Services,,Verified,2026-09-04 14:46:09.145028+00:00
RPT-00397,2026-09-04 14:11:40.209500+00:00,South District,28.493578,77.167673,Road Flooding,"Heavy water accumulation reported near the main road, vehicles unable to pass.",Sensor,7,Verified,Medium,,TRUE,Emergency Services,High,Verified,2026-09-04 14:28:55.934574+00:00
RPT-00398,2026-09-04 14:56:42.854023+00:00,Industrial Zone,28.566591,77.085312,Road Flooding,Low-lying road completely inundated following storm surge.,Sensor,8,Pending,Low,,UNKNOWN,Public Works,Low,Needs Review,2026-09-04 15:02:21.556347+00:00
RPT-00399,,Old Town,28.651092,77.222293,Road Flooding,Emergency vehicles unable to reach destination due to flooded road.,Field Responder,8,Needs Review,Exact,,TRUE,Disaster Management,Low,Pending,
RPT-00400,2026-09-04 09:58:52.129539+00:00,Riverside,28.674952,77.273018,Power Outage,Multiple residents report loss of electrical power in the neighbourhood.,Sensor,2,Pending,Medium,Photo,TRUE,Emergency Services,Medium,Needs Review,2026-09-04 10:43:07.100132+00:00
RPT-00401,2026-09-03 06:03:56.550766+00:00,West District,28.633595,76.939255,Structural Damage,Overhead bridge shows signs of structural instability; area cordoned off.,Field Responder,0,Verified,Exact,Video,TRUE,Emergency Services,Medium,Verified,2026-09-03 11:17:53.609076+00:00
RPT-00402,2026-09-04 14:49:46.737266+00:00,Old Town,28.643088,77.220812,Water Contamination,Water department confirms contamination in sector; do-not-drink advisory issued.,Field Responder,2,Needs Review,Low,Audio,FALSE,Medical Services,Critical,Needs Review,2026-09-04 15:06:07.644830+00:00
RPT-00403,2026-09-02 16:43:37.768949+00:00,Riverside,28.672636,77.269231,Power Outage,Street lighting out; increased security risk in affected area.,Sensor,3,Verified,Exact,Unavailable,TRUE,Public Works,Low,Verified,2026-09-03 06:17:52.296509+00:00
RPT-00404,2026-09-03 13:16:03.480271+00:00,Central District,28.639836,77.225898,Power Outage,Electricity supply disrupted; hospitals on backup generators.,Citizen Report,11,Verified,Exact,Video,TRUE,Public Works,,Verified,2026-09-03 16:35:02.276623+00:00
RPT-00405,2026-09-04 05:59:48.262352+00:00,East District,28.628243,77.340433,Medical Emergency,Caller reports two unconscious individuals at the site.,Department Report,2,Pending,Medium,Audio,UNKNOWN,Medical Services,Low,Needs Review,2026-09-04 06:35:44.900550+00:00
RPT-00406,2026-09-04 13:29:40.901563+00:00,Central District,28.633438,77.213175,Structural Damage,Building foundation appears compromised; residents evacuated as precaution.,Field Responder,2,Verified,High,Photo,TRUE,Emergency Services,High,Verified,2026-09-04 13:38:09.588971+00:00
RPT-00407,2026-09-04 14:12:25.262656+00:00,Old Town,28.640278,77.231695,Power Outage,Sensor network confirms power failure across the grid sector.,Citizen Report,6,Needs Review,Exact,,TRUE,Electricity Department,Low,Pending,2026-09-04 14:42:38.400934+00:00
RPT-00408,2026-09-03 18:22:12.767393+00:00,South District,28.496712,77.189291,Road Flooding,Drainage overflow causing road flooding; pedestrian safety at risk.,Citizen Report,1,Verified,High,,UNKNOWN,Disaster Management,High,Verified,2026-09-03 22:03:59.309595+00:00
RPT-00409,2026-09-04 15:53:43.447292+00:00,Central District,28.627391,77.220078,Evacuation Needed,Chemical leak nearby necessitates immediate area evacuation.,Sensor,10,Rejected,Medium,Video,TRUE,Disaster Management,Critical,Rejected,2026-09-04 15:53:59.920132+00:00
RPT-00410,2026-09-02 03:44:19.734059+00:00,North District,28.740327,77.120704,Evacuation Needed,Neighbourhood cordoned off; evacuation underway with police assistance.,Field Responder,11,Pending,Low,,TRUE,Disaster Management,High,Pending,2026-09-02 04:07:10.125125+00:00
RPT-00411,2026-09-04 01:53:36.169612+00:00,North District,28.743578,77.100291,Water Contamination,Illegal industrial discharge suspected to have contaminated water source.,Department Report,11,Rejected,Unknown,Video,TRUE,Emergency Services,High,Rejected,2026-09-04 05:32:56.508783+00:00
RPT-00412,2026-09-04 10:47:29.974513+00:00,Central District,28.625574,77.237823,Medical Emergency,Elderly resident collapsed; ambulance requested immediately.,Emergency Call,5,Verified,High,Video,UNKNOWN,Medical Services,Low,Verified,2026-09-04 11:12:56.317175+00:00
RPT-00413,2026-09-02 09:15:18.305370+00:00,Old Town,28.654101,77.216337,Medical Emergency,Medical assistance reportedly required near the intersection.,Field Responder,4,Needs Review,Exact,Photo,TRUE,Medical Services,Low,Pending,2026-09-02 16:41:32.183373+00:00
RPT-00414,2026-09-04 14:47:43.039952+00:00,East District,28.61032,77.337089,Water Contamination,Possible sewage intrusion into potable water supply reported.,Department Report,5,Verified,Low,,TRUE,Public Works,Critical,Verified,2026-09-04 15:07:51.175638+00:00
RPT-00415,2026-09-04 13:13:16.939811+00:00,Industrial Zone,28.581672,77.072556,Water Contamination,Pipe burst near waste facility; contamination risk flagged by engineers.,Field Responder,10,Pending,Medium,Photo,TRUE,Public Works,Critical,Needs Review,2026-09-04 13:56:18.575837+00:00
RPT-00416,2026-09-04 15:51:25.016927+00:00,Central District,28.626113,77.206698,Water Contamination,"Floodwater covering the intersection, depth estimated at 30 cm.",Citizen Report,9,Verified,Medium,Video,TRUE,Public Works,Medium,Verified,2026-09-04 15:52:59.114621+00:00
RPT-00417,2026-09-04 14:15:24.385069+00:00,Old Town,28.660581,77.23643,Water Contamination,Multiple residents hospitalised with gastrointestinal symptoms after water consumption.,Department Report,3,Verified,Medium,Video,TRUE,Emergency Services,High,Verified,2026-09-04 14:37:32.464409+00:00
RPT-00418,2026-09-04 15:54:56.260624+00:00,East District,28.641509,77.354914,Medical Emergency,Mass casualty event suspected following building partial collapse.,Emergency Call,4,Verified,Medium,Unavailable,TRUE,Medical Services,Low,Verified,2026-09-04 15:55:15.655383+00:00
RPT-00419,2026-09-04 14:38:15.985940+00:00,Industrial Zone,28.576967,77.066122,Water Contamination,Pipe burst near waste facility; contamination risk flagged by engineers.,Citizen Report,6,Rejected,High,,TRUE,Water Department,Medium,Rejected,2026-09-04 14:54:05.858788+00:00
RPT-00420,2026-09-04 10:13:39.437113+00:00,North District,28.749681,77.136681,Road Flooding,Road submerged after heavy rainfall; residents warned to avoid the area.,Emergency Call,0,Verified,High,,TRUE,Public Works,High,Verified,2026-09-04 11:44:03.972017+00:00
RPT-00421,2026-09-02 17:29:43.603884+00:00,Industrial Zone,28.582256,77.083411,Water Contamination,Chemical smell detected in municipal water supply in the district.,Sensor,6,Rejected,Low,Photo,TRUE,Medical Services,Critical,Rejected,2026-09-03 04:06:31.084715+00:00
RPT-00422,2026-09-04 14:27:48.579032+00:00,East District,28.609658,77.379595,Medical Emergency,Caller reports two unconscious individuals at the site.,Citizen Report,0,Needs Review,Medium,Unavailable,TRUE,Medical Services,,Needs Review,2026-09-04 14:39:28.730291+00:00
RPT-00423,2026-09-02 20:46:28.565373+00:00,Old Town,28.652737,77.230769,Water Contamination,Multiple residents hospitalised with gastrointestinal symptoms after water consumption.,Department Report,14,Pending,Medium,,FALSE,Water Department,Medium,Pending,2026-09-03 05:21:49.530694+00:00
RPT-00424,2026-09-04 10:13:56.407491+00:00,East District,28.617232,77.352005,Road Flooding,Flooding on underpass reported by commuters; immediate attention needed.,Sensor,10,Rejected,High,Photo,TRUE,Public Works,Medium,Rejected,2026-09-04 10:24:51.274834+00:00
RPT-00425,,Old Town,28.658422,77.2223,Road Flooding,Flooding on underpass reported by commuters; immediate attention needed.,Sensor,5,Rejected,Unknown,Video,FALSE,Disaster Management,Low,Rejected,
RPT-00426,2026-09-03 23:11:41.438577+00:00,East District,28.620608,77.353067,Water Contamination,Water samples show elevated turbidity following pipeline damage.,Citizen Report,10,Verified,High,Video,TRUE,Water Department,Critical,Verified,2026-09-03 23:35:04.525158+00:00
RPT-00427,2026-09-03 02:30:14.075523+00:00,East District,28.626752,77.357986,Power Outage,Widespread outage affecting critical facilities including water treatment plant.,Citizen Report,5,Needs Review,Exact,Photo,TRUE,Public Works,Medium,Needs Review,2026-09-03 08:49:44.453295+00:00
RPT-00428,2026-09-04 14:49:55.614867+00:00,Riverside,28.666778,77.2658,Medical Emergency,Severe trauma case reported by field responder; air evacuation may be needed.,Citizen Report,5,Verified,Exact,,TRUE,Emergency Services,Low,Verified,2026-09-04 15:02:34.963860+00:00
RPT-00429,2026-09-04 10:16:46.996082+00:00,Industrial Zone,28.591379,77.087553,Medical Emergency,Severe trauma case reported by field responder; air evacuation may be needed.,Field Responder,4,Verified,High,Audio,TRUE,Emergency Services,,Verified,2026-09-04 11:09:10.502098+00:00
RPT-00430,2026-09-03 22:05:54.543329+00:00,Old Town,28.651694,77.22341,Road Flooding,Low-lying road completely inundated following storm surge.,Sensor,12,Needs Review,High,Video,TRUE,Disaster Management,Low,Needs Review,2026-09-03 23:04:27.239302+00:00
RPT-00431,2026-09-04 15:48:55.206663+00:00,Central District,28.626235,77.231816,Water Contamination,Water samples show elevated turbidity following pipeline damage.,Field Responder,4,Pending,Medium,Audio,UNKNOWN,Medical Services,Medium,Pending,2026-09-04 15:48:56.050287+00:00
RPT-00432,2026-09-04 15:56:41.848344+00:00,Old Town,28.651541,77.218707,Medical Emergency,Medical assistance reportedly required near the intersection.,Department Report,2,Pending,High,Photo,TRUE,Emergency Services,Low,Pending,2026-09-04 15:57:40.079566+00:00
RPT-00433,2026-09-04 15:25:55.884955+00:00,East District,28.614958,77.341355,Water Contamination,Illegal industrial discharge suspected to have contaminated water source.,Emergency Call,3,Verified,High,Photo,TRUE,Medical Services,High,Verified,2026-09-04 15:32:27.989524+00:00
RPT-00434,2026-09-02 09:18:06.337809+00:00,West District,28.643126,76.96238,Medical Emergency,Severe trauma case reported by field responder; air evacuation may be needed.,Citizen Report,5,Pending,High,,UNKNOWN,Medical Services,,Needs Review,2026-09-02 19:04:12.157791+00:00
RPT-00435,2026-09-04 14:33:51.853266+00:00,Old Town,28.650346,77.234244,Road Flooding,"Floodwater covering the intersection, depth estimated at 30 cm.",Field Responder,8,Needs Review,Medium,,TRUE,Disaster Management,Low,Pending,2026-09-04 14:56:01.374118+00:00
RPT-00436,2026-09-01 21:06:51.767297+00:00,Riverside,28.665941,77.272049,Water Contamination,Illegal industrial discharge suspected to have contaminated water source.,Department Report,8,Pending,Exact,Video,TRUE,Emergency Services,High,Pending,2026-09-02 14:13:35.182832+00:00
RPT-00437,2026-09-04 13:15:20.753175+00:00,Industrial Zone,28.593192,77.075839,Power Outage,Sensor network confirms power failure across the grid sector.,Department Report,11,Verified,Exact,Video,TRUE,Emergency Services,,Verified,2026-09-04 13:22:55.411096+00:00
RPT-00438,2026-09-04 07:50:20.071220+00:00,Old Town,28.653912,77.233882,Medical Emergency,Mass casualty event suspected following building partial collapse.,Emergency Call,5,Verified,High,,UNKNOWN,Emergency Services,Low,Verified,2026-09-04 07:59:37.706767+00:00
RPT-00439,2026-09-03 05:03:08.519611+00:00,South District,28.489321,77.174741,Structural Damage,Cracks reported on the exterior walls of the apartment block.,Citizen Report,2,Needs Review,Exact,Video,FALSE,Disaster Management,High,Needs Review,2026-09-03 09:50:17.179093+00:00
RPT-00440,2026-09-04 10:28:01.050007+00:00,South District,28.501307,77.176855,Evacuation Needed,Families stranded; evacuation routes blocked by debris.,Field Responder,8,Pending,High,Photo,UNKNOWN,Emergency Services,Critical,Needs Review,2026-09-04 10:43:14.562291+00:00
RPT-00441,2026-09-04 10:55:46.374006+00:00,South District,28.506244,77.169493,Structural Damage,Building foundation appears compromised; residents evacuated as precaution.,Emergency Call,4,Verified,High,Photo,TRUE,Emergency Services,High,Verified,2026-09-04 11:28:21.397143+00:00
RPT-00442,2026-09-02 23:48:14.094219+00:00,Industrial Zone,28.580909,77.075335,Evacuation Needed,Families stranded; evacuation routes blocked by debris.,Citizen Report,3,Verified,Low,Audio,UNKNOWN,Disaster Management,Critical,Verified,2026-09-03 00:38:30.899055+00:00
RPT-00443,2026-09-02 11:41:48.347334+00:00,Industrial Zone,28.591255,77.085594,Structural Damage,Field responder confirms structural cracks on load-bearing column.,Field Responder,8,Rejected,Exact,,TRUE,Disaster Management,Critical,Rejected,2026-09-03 01:23:24.612170+00:00
RPT-00444,2026-09-04 12:34:04.536237+00:00,Central District,28.636671,77.213555,Road Flooding,Low-lying road completely inundated following storm surge.,Citizen Report,8,Verified,Exact,,FALSE,Disaster Management,Low,Verified,2026-09-04 13:23:28.923331+00:00
RPT-00445,2026-09-03 23:23:13.649028+00:00,South District,28.508782,77.182493,Power Outage,Repeated fluctuations followed by complete outage; residents concerned.,Sensor,18,Verified,Medium,Unavailable,TRUE,Electricity Department,,Verified,2026-09-03 23:31:32.532369+00:00
RPT-00446,2026-09-04 01:42:55.591304+00:00,Central District,28.627401,77.196689,Structural Damage,Possible structural damage observed near a residential building following tremors.,Field Responder,8,Verified,Medium,Photo,TRUE,Emergency Services,Critical,Verified,2026-09-04 02:59:15.899028+00:00
RPT-00447,2026-09-04 15:31:38.821726+00:00,West District,28.636141,76.95661,Structural Damage,Overhead bridge shows signs of structural instability; area cordoned off.,Department Report,3,Pending,High,Photo,UNKNOWN,Disaster Management,Critical,Pending,2026-09-04 15:37:02.758312+00:00
RPT-00448,2026-09-04 12:53:38.955648+00:00,Industrial Zone,28.58626,77.073548,Road Flooding,Low-lying road completely inundated following storm surge.,Sensor,6,Verified,High,Photo,TRUE,Disaster Management,High,Verified,2026-09-04 13:21:04.665158+00:00
RPT-00449,2026-09-04 11:49:56.513131+00:00,Old Town,28.654429,77.223809,Water Contamination,Illegal industrial discharge suspected to have contaminated water source.,Department Report,12,Verified,Unknown,Photo,UNKNOWN,Public Works,High,Verified,2026-09-04 12:41:24.053203+00:00
RPT-00450,2026-09-04 15:02:55.900735+00:00,East District,28.627212,77.346695,Water Contamination,Chemical smell detected in municipal water supply in the district.,Sensor,6,Verified,Low,Audio,TRUE,Water Department,Medium,Verified,2026-09-04 15:18:59.244914+00:00
RPT-00451,2026-09-04 14:10:32.457890+00:00,East District,28.626695,77.360397,Road Flooding,Emergency vehicles unable to reach destination due to flooded road.,Citizen Report,11,Verified,High,Video,TRUE,Public Works,Low,Verified,2026-09-04 14:23:52.158637+00:00
RPT-00452,2026-09-04 14:17:57.331852+00:00,Riverside,28.670889,77.263318,Medical Emergency,Mass casualty event suspected following building partial collapse.,Department Report,5,Verified,High,Audio,UNKNOWN,Emergency Services,Low,Verified,2026-09-04 14:37:41.238386+00:00
RPT-00453,2026-09-04 14:34:11.639097+00:00,Riverside,28.660257,77.26615,Medical Emergency,Elderly resident collapsed; ambulance requested immediately.,Citizen Report,4,Verified,Exact,Video,FALSE,Medical Services,,Verified,2026-09-04 14:50:10.653848+00:00
RPT-00454,2026-09-02 02:34:49.361125+00:00,North District,28.761711,77.116136,Evacuation Needed,Rising floodwater threatening neighbourhood; evacuation in progress.,Citizen Report,3,Verified,High,Unavailable,TRUE,Emergency Services,High,Verified,2026-09-02 13:15:00.978721+00:00
RPT-00455,2026-09-04 15:42:14.337564+00:00,Riverside,28.66901,77.271053,Evacuation Needed,Mass evacuation of high-rise building due to fire and smoke.,Field Responder,3,Pending,Low,,TRUE,Emergency Services,Critical,Needs Review,2026-09-04 15:44:37.661072+00:00
RPT-00456,2026-09-02 08:18:29.168686+00:00,South District,28.513958,77.204392,Power Outage,Complete power failure affecting an estimated 500 households.,Sensor,3,Verified,Medium,,TRUE,Electricity Department,Critical,Verified,2026-09-02 08:36:04.021024+00:00
RPT-00457,2026-09-03 16:11:03.791228+00:00,Industrial Zone,28.585417,77.077819,Medical Emergency,Elderly resident collapsed; ambulance requested immediately.,Field Responder,0,Verified,Medium,Photo,TRUE,Medical Services,Low,Verified,2026-09-03 23:03:12.049450+00:00
RPT-00458,2026-09-04 12:15:14.109691+00:00,East District,28.617249,77.359623,Evacuation Needed,Multiple elderly residents require assisted evacuation support.,Sensor,20,Needs Review,Exact,Unavailable,UNKNOWN,Emergency Services,Critical,Needs Review,2026-09-04 13:15:51.522260+00:00
RPT-00459,2026-09-04 11:36:29.853069+00:00,Central District,28.627922,77.216029,Evacuation Needed,Mandatory evacuation ordered for low-lying residential blocks.,Field Responder,24,Verified,Medium,Audio,TRUE,Public Works,Critical,Verified,2026-09-04 12:16:22.215348+00:00
RPT-00460,2026-09-01 19:33:07.093537+00:00,South District,28.496862,77.191432,Evacuation Needed,Multiple elderly residents require assisted evacuation support.,Field Responder,22,Verified,Medium,Photo,UNKNOWN,Disaster Management,High,Verified,2026-09-02 08:35:06.276711+00:00
RPT-00461,2026-09-04 15:54:19.962647+00:00,Riverside,28.667583,77.275585,Water Contamination,Illegal industrial discharge suspected to have contaminated water source.,Emergency Call,15,Needs Review,High,Video,TRUE,Public Works,Critical,Pending,2026-09-04 15:54:53.310086+00:00
RPT-00462,2026-09-04 15:23:19.869253+00:00,South District,28.503361,77.163108,Evacuation Needed,Mandatory evacuation ordered for low-lying residential blocks.,Field Responder,24,Needs Review,High,Unavailable,UNKNOWN,Public Works,Critical,Pending,2026-09-04 15:31:04.398540+00:00
RPT-00463,2026-09-04 12:29:48.956892+00:00,West District,28.634678,76.952415,Power Outage,Street lighting out; increased security risk in affected area.,Sensor,11,Needs Review,Medium,Photo,TRUE,Electricity Department,,Needs Review,2026-09-04 12:47:15.660520+00:00
RPT-00464,2026-09-04 14:03:54.695642+00:00,Industrial Zone,28.584449,77.084554,Structural Damage,Old structure shows severe erosion damage; engineer inspection required.,Department Report,2,Pending,High,Unavailable,FALSE,Disaster Management,Medium,Pending,2026-09-04 14:32:55.111830+00:00
RPT-00465,2026-09-04 06:31:33.544370+00:00,West District,28.640996,76.948232,Power Outage,Widespread outage affecting critical facilities including water treatment plant.,Emergency Call,16,Needs Review,Medium,Unavailable,TRUE,Emergency Services,Medium,Pending,2026-09-04 09:10:47.091734+00:00
RPT-00466,2026-09-04 12:36:36.381325+00:00,Central District,28.635233,77.226695,Medical Emergency,Medical assistance reportedly required near the intersection.,Citizen Report,2,Pending,Exact,Video,TRUE,Medical Services,,Needs Review,2026-09-04 13:29:29.953988+00:00
RPT-00467,2026-09-04 11:26:37.466706+00:00,Industrial Zone,28.595502,77.074852,Structural Damage,Roof section collapsed on commercial premises; no injuries reported yet.,Field Responder,1,Needs Review,Medium,Photo,UNKNOWN,Emergency Services,Medium,Pending,2026-09-04 11:53:44.050298+00:00
RPT-00468,2026-09-04 15:56:01.526815+00:00,West District,28.65462,76.945161,Medical Emergency,Child with respiratory symptoms reported; possible exposure to contaminant.,Field Responder,0,Verified,High,Unavailable,TRUE,Medical Services,Low,Verified,2026-09-04 15:56:03.527436+00:00
RPT-00469,2026-09-04 15:01:52.975517+00:00,South District,28.500729,77.175796,Water Contamination,Sensor alert: pH level outside safe range in distribution main.,Field Responder,2,Verified,Medium,,TRUE,Emergency Services,Medium,Verified,2026-09-04 15:03:27.938588+00:00
RPT-00470,2026-09-04 15:56:45.085342+00:00,North District,28.739304,77.123868,Evacuation Needed,Neighbourhood cordoned off; evacuation underway with police assistance.,Citizen Report,17,Verified,High,Unavailable,TRUE,Disaster Management,High,Verified,2026-09-04 15:57:27.883306+00:00
RPT-00471,2026-09-04 11:53:47.134414+00:00,East District,28.615998,77.344153,Structural Damage,Field responder confirms structural cracks on load-bearing column.,Emergency Call,2,Needs Review,High,Unavailable,TRUE,Public Works,Medium,Needs Review,2026-09-04 12:41:19.453683+00:00
RPT-00472,2026-09-04 13:43:49.800087+00:00,East District,28.62413,77.356868,Evacuation Needed,Evacuation shelters at capacity; additional sites urgently required.,Emergency Call,4,Verified,Medium,,UNKNOWN,Emergency Services,High,Verified,2026-09-04 13:57:33.550289+00:00
RPT-00473,2026-09-04 14:54:14.041874+00:00,South District,28.491923,77.194949,Structural Damage,Possible structural damage observed near a residential building following tremors.,Emergency Call,5,Verified,Medium,,TRUE,Disaster Management,Critical,Verified,2026-09-04 15:09:04.747705+00:00
RPT-00474,2026-09-04 09:30:18.192761+00:00,West District,28.636868,76.939495,Road Flooding,Flooding on underpass reported by commuters; immediate attention needed.,Citizen Report,14,Needs Review,Exact,Unavailable,TRUE,Disaster Management,Medium,Needs Review,2026-09-04 09:31:27.035642+00:00
RPT-00475,2026-09-04 14:43:42.763849+00:00,Old Town,28.657181,77.237484,Power Outage,Multiple residents report loss of electrical power in the neighbourhood.,Department Report,11,Needs Review,High,,FALSE,Electricity Department,,Pending,2026-09-04 14:47:38.084020+00:00
RPT-00476,2026-09-01 17:27:36.746449+00:00,South District,28.514913,77.182374,Power Outage,Widespread outage affecting critical facilities including water treatment plant.,Citizen Report,16,Needs Review,Medium,,TRUE,Electricity Department,Low,Pending,2026-09-02 14:33:29.084879+00:00
RPT-00477,2026-09-04 15:37:05.115354+00:00,South District,28.513984,77.201475,Road Flooding,Waterlogging observed along the central corridor; traffic diverted.,Citizen Report,5,Needs Review,Unknown,Photo,UNKNOWN,Emergency Services,High,Pending,2026-09-04 15:40:45.227652+00:00
RPT-00478,2026-09-04 10:25:09.267014+00:00,East District,28.618759,77.352922,Power Outage,Transformer explosion reported; area in complete darkness.,Department Report,4,Needs Review,Low,,TRUE,Electricity Department,Medium,Needs Review,2026-09-04 11:39:55.100449+00:00
RPT-00479,2026-09-03 04:06:41.920445+00:00,East District,28.616624,77.358708,Medical Emergency,Injured person found in flooded basement; rescue and medical support needed.,Citizen Report,5,Needs Review,Medium,Photo,TRUE,Emergency Services,Low,Needs Review,2026-09-03 06:37:53.604359+00:00
RPT-00480,2026-09-04 15:49:15.109187+00:00,East District,28.627117,77.346183,Medical Emergency,Caller reports two unconscious individuals at the site.,Department Report,3,Verified,High,,TRUE,Medical Services,Low,Verified,2026-09-04 15:50:01.633329+00:00
RPT-00481,2026-09-04 15:44:17.802016+00:00,Riverside,28.671173,77.265065,Medical Emergency,Elderly resident collapsed; ambulance requested immediately.,Citizen Report,2,Verified,High,,TRUE,Emergency Services,,Verified,2026-09-04 15:46:14.463461+00:00
RPT-00482,2026-09-02 02:08:57.644375+00:00,South District,28.506947,77.18769,Structural Damage,Multiple reports of ceiling damage in adjacent buildings after tremor.,Department Report,5,Verified,Medium,Photo,FALSE,Public Works,Critical,Verified,2026-09-02 05:41:01.797416+00:00
RPT-00483,2026-09-04 15:00:11.861770+00:00,Central District,28.635055,77.220362,Water Contamination,Multiple residents hospitalised with gastrointestinal symptoms after water consumption.,Citizen Report,11,Verified,Low,Unavailable,UNKNOWN,Water Department,High,Verified,2026-09-04 15:04:03.618196+00:00
RPT-00484,2026-09-04 15:54:51.089863+00:00,Old Town,28.654082,77.223425,Evacuation Needed,Mass evacuation of high-rise building due to fire and smoke.,Field Responder,9,Verified,Exact,,UNKNOWN,Disaster Management,Critical,Verified,2026-09-04 15:55:43.514876+00:00
RPT-00485,2026-09-04 12:38:40.600057+00:00,Old Town,28.658372,77.219433,Road Flooding,"Heavy water accumulation reported near the main road, vehicles unable to pass.",Emergency Call,12,Verified,Exact,Photo,UNKNOWN,Emergency Services,High,Verified,2026-09-04 12:40:03.535227+00:00
RPT-00486,2026-09-04 15:48:23.581555+00:00,Riverside,28.663481,77.265534,Structural Damage,Roof section collapsed on commercial premises; no injuries reported yet.,Department Report,6,Needs Review,High,,TRUE,Emergency Services,Medium,Pending,2026-09-04 15:49:33.013715+00:00
RPT-00487,2026-09-04 12:07:48.987975+00:00,East District,28.63198,77.353058,Road Flooding,"Heavy water accumulation reported near the main road, vehicles unable to pass.",Sensor,6,Pending,Medium,Photo,TRUE,Public Works,Low,Pending,2026-09-04 12:33:09.364157+00:00
RPT-00488,2026-09-02 14:04:21.412487+00:00,Industrial Zone,28.581924,77.083557,Medical Emergency,Person found unresponsive; bystanders performing CPR; ambulance en route.,Department Report,1,Pending,Medium,Photo,TRUE,Medical Services,Low,Pending,2026-09-02 16:26:54.389944+00:00
RPT-00489,2026-09-01 23:55:08.865653+00:00,West District,28.627844,76.949764,Evacuation Needed,Neighbourhood cordoned off; evacuation underway with police assistance.,Emergency Call,19,Needs Review,High,Unavailable,TRUE,Emergency Services,Critical,Needs Review,2026-09-02 08:45:33.015985+00:00
RPT-00490,2026-09-03 21:50:29.774893+00:00,Old Town,28.649726,77.23947,Water Contamination,Sensor alert: pH level outside safe range in distribution main.,Citizen Report,4,Needs Review,Unknown,Unavailable,TRUE,Public Works,High,Pending,2026-09-04 00:55:49.564456+00:00
RPT-00491,2026-09-04 10:54:05.349554+00:00,West District,28.643529,76.946137,Road Flooding,Flooding on underpass reported by commuters; immediate attention needed.,Field Responder,20,Rejected,Low,Unavailable,UNKNOWN,Disaster Management,High,Rejected,2026-09-04 11:05:06.206621+00:00
RPT-00492,2026-09-04 15:37:58.164709+00:00,Old Town,28.656669,77.233519,Medical Emergency,Multiple casualties reported at scene; medical teams needed urgently.,Emergency Call,3,Verified,Exact,Photo,TRUE,Medical Services,Low,Verified,2026-09-04 15:39:23.720029+00:00
RPT-00493,2026-09-04 15:55:25.681457+00:00,Old Town,28.653204,77.230216,Water Contamination,Blue-green algae bloom observed in reservoir; water supply may be affected.,Emergency Call,14,Pending,Low,Photo,TRUE,Public Works,High,Pending,2026-09-04 15:55:43.330136+00:00
RPT-00494,2026-09-04 15:47:24.833695+00:00,South District,28.499288,77.178413,Structural Damage,Cracks reported on the exterior walls of the apartment block.,Citizen Report,3,Needs Review,High,Photo,TRUE,Emergency Services,Medium,Needs Review,2026-09-04 15:48:54.450933+00:00
RPT-00495,2026-09-04 15:44:37.671172+00:00,Old Town,28.655439,77.230188,Power Outage,Complete power failure affecting an estimated 500 households.,Citizen Report,8,Needs Review,Exact,,TRUE,Public Works,,Pending,2026-09-04 15:47:08.310880+00:00
RPT-00496,2026-09-04 12:14:14.668810+00:00,East District,28.61961,77.34704,Road Flooding,"Floodwater covering the intersection, depth estimated at 30 cm.",Field Responder,10,Pending,High,Photo,UNKNOWN,Emergency Services,High,Pending,2026-09-04 12:29:46.263554+00:00
RPT-00497,2026-09-04 15:53:39.440296+00:00,North District,28.742878,77.126036,Structural Damage,Multiple reports of ceiling damage in adjacent buildings after tremor.,Emergency Call,4,Verified,High,Photo,TRUE,Public Works,Medium,Verified,2026-09-04 15:53:57.532351+00:00
RPT-00498,2026-09-04 05:29:34.941439+00:00,East District,28.619956,77.354461,Road Flooding,Emergency vehicles unable to reach destination due to flooded road.,Emergency Call,10,Pending,Medium,,UNKNOWN,Emergency Services,Low,Needs Review,2026-09-04 05:32:54.238042+00:00
RPT-00499,2026-09-04 15:33:35.990336+00:00,West District,28.627509,76.949664,Evacuation Needed,Multiple elderly residents require assisted evacuation support.,Field Responder,12,Verified,High,Photo,TRUE,Public Works,High,Verified,2026-09-04 15:34:33.770024+00:00
RPT-00500,2026-09-04 10:02:19.173002+00:00,Industrial Zone,28.580566,77.082347,Structural Damage,Roof section collapsed on commercial premises; no injuries reported yet.,Department Report,5,Verified,Medium,Unavailable,UNKNOWN,Public Works,High,Verified,2026-09-04 11:11:15.712707+00:00
RPT-00501,2026-09-01 20:01:22.117539+00:00,Riverside,28.668506,77.273401,Structural Damage,Building foundation appears compromised; residents evacuated as precaution.,Field Responder,8,Verified,High,Photo,TRUE,Disaster Management,Critical,Verified,2026-09-01 20:05:08.127338+00:00
RPT-00502,2026-09-04 14:41:24.687534+00:00,West District,28.640277,76.95402,Structural Damage,Building foundation appears compromised; residents evacuated as precaution.,Emergency Call,3,Verified,High,Video,TRUE,Disaster Management,Medium,Verified,2026-09-04 15:03:20.250058+00:00
RPT-00503,2026-09-04 14:01:47.472671+00:00,South District,28.508997,77.176568,Medical Emergency,Mass casualty event suspected following building partial collapse.,Citizen Report,4,Verified,Medium,Audio,TRUE,Emergency Services,Low,Verified,2026-09-04 14:18:26.468199+00:00
RPT-00504,2026-09-04 14:52:39.816634+00:00,Industrial Zone,28.581017,77.08233,Structural Damage,Waterlogging observed along the central corridor; traffic diverted.,Citizen Report,7,Needs Review,Exact,Video,TRUE,Emergency Services,Medium,Pending,2026-09-04 14:55:38.817129+00:00
RPT-00505,2026-09-04 14:56:07.468010+00:00,Industrial Zone,28.586839,77.078432,Medical Emergency,Child with respiratory symptoms reported; possible exposure to contaminant.,Citizen Report,0,Verified,Exact,Video,TRUE,Emergency Services,,Verified,2026-09-04 15:00:46.874669+00:00
RPT-00506,2026-09-02 15:21:24.896658+00:00,Riverside,28.668084,77.261783,Medical Emergency,Caller reports two unconscious individuals at the site.,Citizen Report,2,Verified,High,Audio,TRUE,Emergency Services,,Verified,2026-09-02 19:09:59.368257+00:00
RPT-00507,2026-09-02 23:43:31.743446+00:00,Central District,28.630128,77.230512,Structural Damage,Overhead bridge shows signs of structural instability; area cordoned off.,Field Responder,6,Verified,Exact,Photo,TRUE,Public Works,Critical,Verified,2026-09-03 02:00:14.474851+00:00
RPT-00508,2026-09-04 15:26:57.050131+00:00,Central District,28.627473,77.211195,Medical Emergency,Mass casualty event suspected following building partial collapse.,Department Report,0,Verified,High,Photo,FALSE,Emergency Services,,Verified,2026-09-04 15:33:41.161075+00:00
RPT-00509,2026-09-04 15:27:49.853074+00:00,East District,28.620182,77.349486,Road Flooding,Drainage overflow causing road flooding; pedestrian safety at risk.,Citizen Report,4,Needs Review,Unknown,,TRUE,Emergency Services,High,Needs Review,2026-09-04 15:32:04.709333+00:00
RPT-00510,2026-09-04 15:11:09.453878+00:00,West District,28.641098,76.953206,Medical Emergency,Emergency call received about a person trapped and showing signs of distress.,Emergency Call,17,Needs Review,High,Unavailable,UNKNOWN,Emergency Services,Low,Needs Review,2026-09-04 15:16:20.704972+00:00
RPT-00511,2026-09-04 10:00:04.830535+00:00,Old Town,28.653968,77.227553,Medical Emergency,Caller reports two unconscious individuals at the site.,Emergency Call,1,Verified,Exact,Video,TRUE,Medical Services,,Verified,2026-09-04 11:21:35.371567+00:00
RPT-00512,2026-09-04 15:07:15.536968+00:00,Industrial Zone,28.574362,77.091397,Power Outage,Sensor network confirms power failure across the grid sector.,Department Report,14,Verified,Exact,Photo,TRUE,Public Works,Medium,Verified,2026-09-04 15:08:45.113805+00:00
RPT-00513,2026-09-04 11:18:28.855958+00:00,East District,28.624044,77.350823,Medical Emergency,Child with respiratory symptoms reported; possible exposure to contaminant.,Citizen Report,0,Needs Review,High,Video,UNKNOWN,Emergency Services,Low,Needs Review,2026-09-04 11:18:44.539640+00:00
RPT-00514,2026-09-04 11:18:56.063356+00:00,Riverside,28.668724,77.266065,Road Flooding,"Floodwater covering the intersection, depth estimated at 30 cm.",Sensor,6,Rejected,Unknown,,UNKNOWN,Public Works,Medium,Rejected,2026-09-04 12:17:16.377167+00:00
RPT-00515,2026-09-04 10:26:59.229878+00:00,West District,28.636173,76.93038,Power Outage,Sensor network confirms power failure across the grid sector.,Emergency Call,4,Verified,High,Unavailable,TRUE,Electricity Department,Low,Verified,2026-09-04 10:43:37.308292+00:00
RPT-00516,2026-09-04 14:51:55.440463+00:00,West District,28.640204,76.956108,Medical Emergency,Elderly resident collapsed; ambulance requested immediately.,Emergency Call,2,Pending,Medium,,TRUE,Medical Services,,Needs Review,2026-09-04 15:09:25.717914+00:00
RPT-00517,2026-09-02 14:47:24.836360+00:00,Old Town,28.661207,77.234954,Evacuation Needed,Chemical leak nearby necessitates immediate area evacuation.,Department Report,15,Rejected,High,Unavailable,FALSE,Public Works,Critical,Rejected,2026-09-03 02:22:05.926816+00:00
RPT-00518,2026-09-04 13:56:31.974789+00:00,Central District,28.631921,77.222278,Structural Damage,Old structure shows severe erosion damage; engineer inspection required.,Field Responder,5,Needs Review,High,Video,UNKNOWN,Disaster Management,Medium,Pending,2026-09-04 13:58:46.094985+00:00
RPT-00519,2026-09-04 14:02:55.938641+00:00,Industrial Zone,28.577092,77.087597,Medical Emergency,Caller reports two unconscious individuals at the site.,Emergency Call,0,Verified,High,Unavailable,TRUE,Medical Services,Low,Verified,2026-09-04 14:31:33.959063+00:00
RPT-00520,2026-09-04 11:25:28.635226+00:00,Central District,28.635403,77.229393,Structural Damage,Roof section collapsed on commercial premises; no injuries reported yet.,Field Responder,1,Verified,Medium,,UNKNOWN,Emergency Services,Critical,Verified,2026-09-04 11:43:02.624728+00:00
RPT-00521,2026-09-02 01:56:48.209791+00:00,North District,28.758939,77.118723,Medical Emergency,Severe trauma case reported by field responder; air evacuation may be needed.,Emergency Call,5,Verified,Exact,Audio,UNKNOWN,Medical Services,Low,Verified,2026-09-02 20:22:52.161975+00:00
RPT-00522,2026-09-04 14:18:51.097036+00:00,Old Town,28.663067,77.229386,Medical Emergency,Medical assistance reportedly required near the intersection.,Citizen Report,5,Pending,High,,TRUE,Emergency Services,,Needs Review,2026-09-04 14:44:19.777277+00:00
RPT-00523,2026-09-04 15:46:02.783305+00:00,Central District,28.626539,77.221261,Water Contamination,Possible sewage intrusion into potable water supply reported.,Department Report,4,Pending,Low,Unavailable,FALSE,Medical Services,Medium,Pending,2026-09-04 15:47:55.621906+00:00
RPT-00524,2026-09-03 17:46:43.906658+00:00,East District,28.623213,77.347985,Medical Emergency,Mass casualty event suspected following building partial collapse.,Citizen Report,4,Verified,Exact,Audio,TRUE,Medical Services,Low,Verified,2026-09-03 18:34:08.475695+00:00
RPT-00525,2026-09-04 15:55:06.298659+00:00,East District,28.615549,77.342052,Water Contamination,Blue-green algae bloom observed in reservoir; water supply may be affected.,Sensor,11,Verified,Low,Unavailable,TRUE,Medical Services,Critical,Verified,2026-09-04 15:55:44.783219+00:00
RPT-00526,2026-09-04 15:43:18.152595+00:00,Old Town,28.653821,77.239814,Evacuation Needed,Residents refusing to evacuate despite imminent structural risk.,Sensor,12,Verified,Low,Photo,TRUE,Disaster Management,Critical,Verified,2026-09-04 15:46:33.298971+00:00
RPT-00527,2026-09-04 09:35:51.162010+00:00,North District,28.735513,77.133697,Water Contamination,Water department confirms contamination in sector; do-not-drink advisory issued.,Emergency Call,11,Needs Review,High,Unavailable,UNKNOWN,Water Department,Medium,Needs Review,2026-09-04 10:26:58.953665+00:00
RPT-00528,2026-09-04 10:10:04.854886+00:00,East District,28.619928,77.34693,Road Flooding,Roof section collapsed on commercial premises; no injuries reported yet.,Citizen Report,4,Verified,Exact,Photo,TRUE,Public Works,Critical,Verified,2026-09-04 10:10:05.389097+00:00
RPT-00529,2026-09-04 14:12:02.808479+00:00,Old Town,28.653026,77.223133,Evacuation Needed,Residents refusing to evacuate despite imminent structural risk.,Emergency Call,24,Needs Review,Exact,Unavailable,TRUE,Public Works,High,Needs Review,2026-09-04 14:18:49.130721+00:00
RPT-00530,2026-09-04 14:57:16.481873+00:00,Riverside,28.668893,77.279554,Structural Damage,Old structure shows severe erosion damage; engineer inspection required.,Emergency Call,2,Verified,Medium,Photo,TRUE,Emergency Services,High,Verified,2026-09-04 15:09:42.321206+00:00
RPT-00531,,Central District,28.639266,77.21964,Water Contamination,Multiple residents hospitalised with gastrointestinal symptoms after water consumption.,Department Report,13,Needs Review,Unknown,Unavailable,TRUE,Public Works,High,Pending,
RPT-00532,2026-09-04 14:01:59.913044+00:00,Industrial Zone,28.589423,77.085066,Water Contamination,Water samples show elevated turbidity following pipeline damage.,Citizen Report,5,Needs Review,Medium,Video,UNKNOWN,Public Works,Medium,Pending,2026-09-04 14:28:59.286838+00:00
RPT-00533,2026-09-04 14:02:33.130140+00:00,Central District,28.620771,77.212318,Water Contamination,Water department confirms contamination in sector; do-not-drink advisory issued.,Sensor,5,Verified,Medium,Audio,UNKNOWN,Medical Services,Critical,Verified,2026-09-04 14:15:55.203826+00:00
RPT-00534,2026-09-02 15:45:43.771852+00:00,Industrial Zone,28.576278,77.080666,Water Contamination,Multiple residents hospitalised with gastrointestinal symptoms after water consumption.,Sensor,7,Verified,Exact,Audio,TRUE,Public Works,Medium,Verified,2026-09-02 21:06:47.047862+00:00
RPT-00535,2026-09-01 19:25:00.920581+00:00,Old Town,28.660735,77.246039,Medical Emergency,Child with respiratory symptoms reported; possible exposure to contaminant.,Citizen Report,4,Needs Review,High,Unavailable,TRUE,Emergency Services,Low,Needs Review,2026-09-02 03:46:28.936473+00:00
RPT-00536,2026-09-04 15:42:42.588049+00:00,South District,28.506566,77.184121,Water Contamination,Possible sewage intrusion into potable water supply reported.,Sensor,12,Needs Review,Unknown,Photo,UNKNOWN,Water Department,Medium,Pending,2026-09-04 15:45:35.953946+00:00
RPT-00537,2026-09-03 00:02:44.711664+00:00,South District,28.488529,77.189295,Evacuation Needed,Residents refusing to evacuate despite imminent structural risk.,Field Responder,22,Verified,Medium,Audio,TRUE,Emergency Services,Critical,Verified,2026-09-03 00:31:19.182148+00:00
RPT-00538,2026-09-04 15:47:28.086258+00:00,Old Town,28.651636,77.233995,Medical Emergency,Emergency call received about a person trapped and showing signs of distress.,Emergency Call,2,Verified,High,Video,TRUE,Medical Services,Low,Verified,2026-09-04 15:48:35.166302+00:00
RPT-00539,2026-09-04 15:43:34.968417+00:00,North District,28.769404,77.109995,Water Contamination,Water department confirms contamination in sector; do-not-drink advisory issued.,Sensor,8,Needs Review,Medium,,TRUE,Water Department,Critical,Needs Review,2026-09-04 15:44:19.711979+00:00
RPT-00540,2026-09-04 12:45:06.441748+00:00,West District,28.648284,76.956101,Medical Emergency,Multiple casualties reported at scene; medical teams needed urgently.,Emergency Call,1,Pending,Exact,Photo,TRUE,Emergency Services,,Needs Review,2026-09-04 13:09:45.466719+00:00
RPT-00541,2026-09-04 15:27:53.958977+00:00,South District,28.514582,77.178829,Power Outage,Transformer explosion reported; area in complete darkness.,Citizen Report,15,Pending,Exact,,TRUE,Public Works,Medium,Pending,2026-09-04 15:31:34.026228+00:00
RPT-00542,2026-09-01 23:45:08.417331+00:00,West District,28.659217,76.941923,Structural Damage,Overhead bridge shows signs of structural instability; area cordoned off.,Citizen Report,7,Needs Review,High,Photo,TRUE,Emergency Services,Critical,Needs Review,2026-09-02 09:25:03.436328+00:00
RPT-00543,2026-09-04 12:47:27.825608+00:00,North District,28.756448,77.127848,Road Flooding,Low-lying road completely inundated following storm surge.,Citizen Report,6,Rejected,Low,Photo,FALSE,Disaster Management,Medium,Rejected,2026-09-04 13:15:05.085272+00:00
RPT-00544,2026-09-02 16:26:27.625946+00:00,East District,28.620046,77.367062,Structural Damage,Cracks reported on the exterior walls of the apartment block.,Citizen Report,1,Needs Review,High,Photo,TRUE,Public Works,High,Needs Review,2026-09-02 18:33:38.547335+00:00
RPT-00545,2026-09-01 17:15:38.601600+00:00,Central District,28.643779,77.21889,Road Flooding,Low-lying road completely inundated following storm surge.,Sensor,0,Verified,Unknown,Photo,TRUE,Public Works,Low,Verified,2026-09-01 21:57:49.646797+00:00
RPT-00546,2026-09-04 15:56:09.227493+00:00,Industrial Zone,28.576207,77.074109,Evacuation Needed,Evacuation shelters at capacity; additional sites urgently required.,Emergency Call,10,Verified,Medium,,TRUE,Disaster Management,Critical,Verified,2026-09-04 15:56:53.912775+00:00
RPT-00547,2026-09-04 01:20:54.943676+00:00,South District,28.493082,77.183849,Power Outage,Transformer explosion reported; area in complete darkness.,Citizen Report,5,Verified,Medium,Photo,TRUE,Public Works,,Verified,2026-09-04 02:55:40.521015+00:00
RPT-00548,,Riverside,28.670237,77.274809,Evacuation Needed,Evacuation shelters at capacity; additional sites urgently required.,Sensor,23,Needs Review,High,Audio,TRUE,Emergency Services,High,Needs Review,
RPT-00549,2026-09-04 14:09:50.570408+00:00,South District,28.511211,77.186842,Medical Emergency,Severe trauma case reported by field responder; air evacuation may be needed.,Field Responder,0,Needs Review,Medium,Video,TRUE,Medical Services,,Pending,2026-09-04 14:37:15.719851+00:00
RPT-00550,2026-09-04 01:26:21.370464+00:00,Old Town,28.653356,77.227816,Power Outage,Street lighting out; increased security risk in affected area.,Citizen Report,18,Pending,Low,,TRUE,Public Works,Medium,Pending,2026-09-04 01:38:13.516802+00:00
RPT-00551,2026-09-04 13:07:16.430879+00:00,Industrial Zone,28.571126,77.080339,Structural Damage,Multiple reports of ceiling damage in adjacent buildings after tremor.,Department Report,6,Verified,High,Photo,TRUE,Emergency Services,Critical,Verified,2026-09-04 13:07:27.426639+00:00
RPT-00552,2026-09-04 15:37:08.786531+00:00,North District,28.762827,77.105391,Water Contamination,Residents report discoloured tap water with unusual odour.,Field Responder,14,Needs Review,Unknown,Audio,TRUE,Medical Services,High,Pending,2026-09-04 15:38:33.641147+00:00
RPT-00553,2026-09-04 14:02:33.649754+00:00,East District,28.618189,77.367538,Power Outage,Electricity supply disrupted; hospitals on backup generators.,Sensor,13,Verified,High,,UNKNOWN,Electricity Department,Medium,Verified,2026-09-04 14:32:53.555487+00:00
RPT-00554,,Central District,28.629069,77.222451,Medical Emergency,Person found unresponsive; bystanders performing CPR; ambulance en route.,Emergency Call,2,Rejected,High,Video,TRUE,Emergency Services,,Rejected,
RPT-00555,2026-09-04 14:25:40.542485+00:00,Industrial Zone,28.585233,77.077727,Water Contamination,Illegal industrial discharge suspected to have contaminated water source.,Emergency Call,6,Needs Review,Exact,Audio,TRUE,Emergency Services,Medium,Pending,2026-09-04 14:35:46.100337+00:00
RPT-00556,2026-09-03 03:55:02.404705+00:00,Old Town,28.658795,77.240967,Structural Damage,Partial collapse of boundary wall after last night's storm.,Field Responder,4,Pending,High,,UNKNOWN,Disaster Management,Critical,Pending,2026-09-03 04:14:23.618469+00:00
RPT-00557,2026-09-04 13:46:26.288453+00:00,South District,28.499126,77.173563,Medical Emergency,Elderly resident collapsed; ambulance requested immediately.,Emergency Call,0,Pending,Exact,Unavailable,FALSE,Emergency Services,Low,Pending,2026-09-04 13:56:09.635347+00:00
RPT-00558,2026-09-04 13:17:46.865105+00:00,North District,28.750362,77.118409,Water Contamination,Possible sewage intrusion into potable water supply reported.,Sensor,3,Verified,Medium,Audio,TRUE,Water Department,Medium,Verified,2026-09-04 13:33:37.275298+00:00
RPT-00559,2026-09-04 13:21:33.923320+00:00,Central District,28.62786,77.217056,Evacuation Needed,Evacuation shelters at capacity; additional sites urgently required.,Field Responder,7,Pending,Medium,Video,TRUE,Emergency Services,Critical,Pending,2026-09-04 13:52:06.759551+00:00
RPT-00560,2026-09-04 15:51:55.792755+00:00,Industrial Zone,28.575587,77.067145,Water Contamination,Water samples show elevated turbidity following pipeline damage.,Sensor,2,Rejected,Exact,Unavailable,TRUE,Water Department,Medium,Rejected,2026-09-04 15:52:28.275273+00:00
RPT-00561,2026-09-04 14:49:30.865139+00:00,East District,28.624296,77.361062,Evacuation Needed,Mass evacuation of high-rise building due to fire and smoke.,Sensor,22,Pending,Low,Photo,UNKNOWN,Emergency Services,Critical,Needs Review,2026-09-04 14:56:58.814153+00:00
RPT-00562,2026-09-04 15:50:31.437222+00:00,South District,28.504808,77.156838,Water Contamination,Possible sewage intrusion into potable water supply reported.,Department Report,8,Pending,Medium,Photo,UNKNOWN,Public Works,High,Needs Review,2026-09-04 15:51:55.308271+00:00
RPT-00563,2026-09-04 11:47:38.184808+00:00,East District,28.62082,77.340731,Structural Damage,Old structure shows severe erosion damage; engineer inspection required.,Emergency Call,5,Pending,High,Unavailable,TRUE,Disaster Management,High,Pending,2026-09-04 12:24:28.678484+00:00
RPT-00564,2026-09-04 14:52:10.409060+00:00,South District,28.490857,77.173882,Medical Emergency,Elderly resident collapsed; ambulance requested immediately.,Citizen Report,0,Needs Review,Exact,Audio,UNKNOWN,Medical Services,Low,Needs Review,2026-09-04 14:54:46.140825+00:00
RPT-00565,2026-09-04 00:30:21.149871+00:00,East District,28.618763,77.355361,Power Outage,Widespread outage affecting critical facilities including water treatment plant.,Emergency Call,3,Verified,Exact,Video,TRUE,Electricity Department,,Verified,2026-09-04 03:54:07.848942+00:00
RPT-00566,2026-09-03 06:27:36.963999+00:00,South District,28.49796,77.175991,Water Contamination,Illegal industrial discharge suspected to have contaminated water source.,Emergency Call,3,Pending,High,Photo,TRUE,Public Works,High,Pending,2026-09-03 14:09:00.403464+00:00
RPT-00567,2026-09-04 15:25:05.947702+00:00,Central District,28.62056,77.222386,Water Contamination,Sensor alert: pH level outside safe range in distribution main.,Field Responder,1,Needs Review,Medium,,FALSE,Water Department,Medium,Needs Review,2026-09-04 15:28:53.103037+00:00
RPT-00568,2026-09-03 07:31:20.529152+00:00,Central District,28.636189,77.215406,Medical Emergency,Mass casualty event suspected following building partial collapse.,Emergency Call,4,Verified,High,Photo,UNKNOWN,Emergency Services,,Verified,2026-09-03 08:04:01.576202+00:00
RPT-00569,2026-09-04 15:30:58.424678+00:00,South District,28.504566,77.167672,Water Contamination,Water department confirms contamination in sector; do-not-drink advisory issued.,Citizen Report,0,Needs Review,Low,Unavailable,TRUE,Public Works,Medium,Needs Review,2026-09-04 15:33:47.920995+00:00
RPT-00570,2026-09-04 11:41:38.298829+00:00,South District,28.512364,77.186456,Structural Damage,Possible structural damage observed near a residential building following tremors.,Citizen Report,19,Verified,High,Unavailable,UNKNOWN,Disaster Management,Medium,Verified,2026-09-04 12:42:09.665573+00:00
RPT-00571,2026-09-04 15:50:49.587161+00:00,Riverside,28.670107,77.254851,Road Flooding,"Floodwater covering the intersection, depth estimated at 30 cm.",Field Responder,5,Rejected,High,Photo,FALSE,Emergency Services,High,Rejected,2026-09-04 15:52:11.122616+00:00
RPT-00572,2026-09-04 15:19:17.567726+00:00,North District,28.741623,77.113868,Structural Damage,Partial collapse of boundary wall after last night's storm.,Department Report,7,Pending,Medium,Photo,UNKNOWN,Public Works,Medium,Pending,2026-09-04 15:26:59.306582+00:00
RPT-00573,2026-09-04 10:07:00.719682+00:00,Riverside,28.667993,77.271031,Structural Damage,House wall leaning dangerously; occupants requested to vacate premises.,Citizen Report,6,Verified,High,Video,UNKNOWN,Public Works,Critical,Verified,2026-09-04 11:06:31.417103+00:00
RPT-00574,2026-09-04 15:03:47.176991+00:00,East District,28.620705,77.341438,Road Flooding,Road submerged after heavy rainfall; residents warned to avoid the area.,Citizen Report,2,Rejected,Low,,TRUE,Emergency Services,Medium,Rejected,2026-09-04 15:05:12.541752+00:00
RPT-00575,2026-09-04 11:13:35.724208+00:00,Central District,28.646562,77.218072,Medical Emergency,Severe trauma case reported by field responder; air evacuation may be needed.,Citizen Report,2,Pending,Exact,Audio,TRUE,Emergency Services,,Needs Review,2026-09-04 11:51:04.001023+00:00
RPT-00576,2026-09-04 09:25:28.901116+00:00,Riverside,28.673575,77.273103,Power Outage,Electricity supply disrupted; hospitals on backup generators.,Citizen Report,3,Verified,High,Photo,TRUE,Emergency Services,Medium,Verified,2026-09-04 11:05:39.708094+00:00
RPT-00577,2026-09-04 15:54:13.899042+00:00,Industrial Zone,28.583105,77.075032,Evacuation Needed,Chemical leak nearby necessitates immediate area evacuation.,Citizen Report,23,Verified,Medium,Video,UNKNOWN,Disaster Management,Critical,Verified,2026-09-04 15:54:20.399942+00:00
RPT-00578,2026-09-04 14:52:35.349531+00:00,Industrial Zone,28.577014,77.086767,Structural Damage,Field responder confirms structural cracks on load-bearing column.,Department Report,7,Needs Review,High,Unavailable,TRUE,Disaster Management,Critical,Pending,2026-09-04 15:04:56.872896+00:00
RPT-00579,2026-09-04 14:35:11.315121+00:00,Industrial Zone,28.592098,77.086114,Evacuation Needed,Rising floodwater threatening neighbourhood; evacuation in progress.,Citizen Report,3,Rejected,Exact,Audio,FALSE,Emergency Services,High,Rejected,2026-09-04 14:37:14.315430+00:00
RPT-00580,2026-09-04 10:05:43.677992+00:00,Central District,28.634613,77.213754,Road Flooding,Waterlogging observed along the central corridor; traffic diverted.,Sensor,2,Needs Review,Medium,Audio,UNKNOWN,Disaster Management,Medium,Needs Review,2026-09-04 10:37:00.634131+00:00
RPT-00581,2026-09-02 17:15:32.804964+00:00,Old Town,28.647752,77.231406,Medical Emergency,Child with respiratory symptoms reported; possible exposure to contaminant.,Sensor,4,Needs Review,High,Photo,TRUE,Emergency Services,,Needs Review,2026-09-02 21:47:37.020704+00:00
RPT-00582,2026-09-04 15:45:45.008279+00:00,Old Town,28.656551,77.227781,Structural Damage,Old structure shows severe erosion damage; engineer inspection required.,Emergency Call,7,Verified,Exact,Video,TRUE,Emergency Services,Medium,Verified,2026-09-04 15:46:22.791322+00:00
RPT-00583,2026-09-04 01:42:56.649474+00:00,Industrial Zone,28.581043,77.085902,Evacuation Needed,Multiple elderly residents require assisted evacuation support.,Department Report,3,Verified,High,Unavailable,TRUE,Disaster Management,Critical,Verified,2026-09-04 03:50:49.210506+00:00
RPT-00584,2026-09-04 10:34:06.825902+00:00,Riverside,28.671988,77.264427,Power Outage,Widespread outage affecting critical facilities including water treatment plant.,Department Report,13,Pending,Exact,,TRUE,Public Works,Low,Pending,2026-09-04 11:40:47.853128+00:00
RPT-00585,2026-09-04 10:43:31.607778+00:00,South District,28.518101,77.179367,Water Contamination,Sensor alert: pH level outside safe range in distribution main.,Sensor,8,Needs Review,High,,FALSE,Emergency Services,Medium,Needs Review,2026-09-04 11:46:18.401818+00:00
RPT-00586,2026-09-04 14:32:46.449463+00:00,Industrial Zone,28.590669,77.091423,Medical Emergency,Mass casualty event suspected following building partial collapse.,Emergency Call,0,Needs Review,Medium,Video,TRUE,Emergency Services,Low,Needs Review,2026-09-04 14:40:32.127372+00:00
RPT-00587,2026-09-04 13:59:43.156031+00:00,Industrial Zone,28.581626,77.080414,Road Flooding,Low-lying road completely inundated following storm surge.,Emergency Call,2,Rejected,Unknown,Audio,UNKNOWN,Emergency Services,Medium,Rejected,2026-09-04 14:06:29.649582+00:00
RPT-00588,2026-09-04 15:29:30.396879+00:00,Industrial Zone,28.587063,77.089062,Evacuation Needed,Chemical leak nearby necessitates immediate area evacuation.,Department Report,16,Verified,Medium,Audio,FALSE,Public Works,High,Verified,2026-09-04 15:34:15.243180+00:00
RPT-00589,2026-09-01 21:11:22.917051+00:00,Central District,28.631842,77.215983,Water Contamination,Sensor alert: pH level outside safe range in distribution main.,Citizen Report,7,Pending,High,Photo,TRUE,Water Department,Medium,Pending,2026-09-01 22:46:02.412131+00:00
RPT-00590,2026-09-03 15:48:04.502661+00:00,Old Town,28.649475,77.222219,Structural Damage,Possible structural damage observed near a residential building following tremors.,Field Responder,8,Pending,High,Photo,UNKNOWN,Emergency Services,Medium,Needs Review,2026-09-03 22:34:28.199667+00:00
RPT-00591,2026-09-03 20:13:21.889768+00:00,South District,28.517552,77.197633,Evacuation Needed,Mandatory evacuation ordered for low-lying residential blocks.,Field Responder,8,Needs Review,Exact,Video,UNKNOWN,Disaster Management,Critical,Pending,2026-09-03 20:49:06.627929+00:00
RPT-00592,2026-09-04 15:05:31.407608+00:00,South District,28.502577,77.192136,Medical Emergency,Person found unresponsive; bystanders performing CPR; ambulance en route.,Field Responder,0,Needs Review,High,Photo,TRUE,Medical Services,Low,Needs Review,2026-09-04 15:20:52.124049+00:00
RPT-00593,2026-09-04 08:00:07.510926+00:00,Central District,28.633517,77.217669,Structural Damage,Cracks reported on the exterior walls of the apartment block.,Field Responder,2,Verified,Exact,,TRUE,Disaster Management,Critical,Verified,2026-09-04 08:19:56.757718+00:00
RPT-00594,2026-09-03 17:26:34.012995+00:00,Central District,28.629407,77.225274,Structural Damage,Roof section collapsed on commercial premises; no injuries reported yet.,Field Responder,7,Verified,Medium,Video,UNKNOWN,Emergency Services,Critical,Verified,2026-09-03 18:46:43.724400+00:00
RPT-00595,2026-09-04 12:13:54.038216+00:00,Central District,28.632059,77.224686,Road Flooding,Flooding on underpass reported by commuters; immediate attention needed.,Sensor,11,Needs Review,Exact,,FALSE,Emergency Services,High,Pending,2026-09-04 12:51:50.904808+00:00
RPT-00596,2026-09-04 15:44:48.008646+00:00,Old Town,28.655625,77.231365,Road Flooding,Road submerged after heavy rainfall; residents warned to avoid the area.,Field Responder,9,Pending,Unknown,Video,TRUE,Emergency Services,Medium,Needs Review,2026-09-04 15:46:21.804296+00:00
RPT-00597,2026-09-01 22:37:54.576864+00:00,West District,28.635742,76.941957,Road Flooding,Low-lying road completely inundated following storm surge.,Emergency Call,0,Needs Review,Low,Photo,TRUE,Emergency Services,High,Needs Review,2026-09-02 09:38:14.091133+00:00
RPT-00598,2026-09-03 01:02:16.674969+00:00,West District,28.645154,76.954864,Structural Damage,Overhead bridge shows signs of structural instability; area cordoned off.,Department Report,5,Needs Review,High,Photo,TRUE,Disaster Management,High,Needs Review,2026-09-03 12:35:51.191872+00:00
RPT-00599,2026-09-04 14:13:33.795024+00:00,East District,28.6114,77.342041,Medical Emergency,Severe trauma case reported by field responder; air evacuation may be needed.,Emergency Call,5,Needs Review,Exact,Unavailable,UNKNOWN,Emergency Services,,Needs Review,2026-09-04 14:26:03.307080+00:00
RPT-00600,2026-09-04 14:37:38.524990+00:00,Riverside,28.669068,77.268203,Road Flooding,Residents report rapidly rising water levels along the service road.,Citizen Report,12,Pending,High,,TRUE,Emergency Services,Medium,Pending,2026-09-04 14:46:59.915821+00:00
RPT-00601,2026-09-03 19:00:37.462575+00:00,South District,28.513007,77.156424,Water Contamination,Water department confirms contamination in sector; do-not-drink advisory issued.,Sensor,3,Needs Review,Exact,,UNKNOWN,Water Department,Medium,Pending,2026-09-03 19:33:47.837893+00:00
RPT-00602,2026-09-03 08:53:53.529177+00:00,North District,28.768425,77.110285,Evacuation Needed,Residents refusing to evacuate despite imminent structural risk.,Emergency Call,5,Verified,High,Video,FALSE,Emergency Services,Critical,Verified,2026-09-03 15:24:23.103889+00:00
RPT-00603,2026-09-01 17:30:35.515095+00:00,East District,28.618089,77.355131,Road Flooding,Residents report rapidly rising water levels along the service road.,Field Responder,8,Verified,Exact,,TRUE,Disaster Management,Low,Verified,2026-09-02 00:18:44.660970+00:00
RPT-00604,2026-09-04 11:59:54.048790+00:00,Central District,28.628655,77.212753,Power Outage,Street lighting out; increased security risk in affected area.,Sensor,3,Pending,High,,TRUE,Electricity Department,Low,Pending,2026-09-04 12:24:06.623188+00:00
RPT-00605,2026-09-04 13:08:12.646590+00:00,Riverside,28.670228,77.264824,Evacuation Needed,Rising floodwater threatening neighbourhood; evacuation in progress.,Citizen Report,14,Verified,High,Photo,TRUE,Emergency Services,High,Verified,2026-09-04 13:28:28.088716+00:00
RPT-00606,2026-09-04 15:38:56.051693+00:00,Central District,28.63751,77.21685,Structural Damage,House wall leaning dangerously; occupants requested to vacate premises.,Field Responder,1,Verified,High,Photo,UNKNOWN,Public Works,Critical,Verified,2026-09-04 15:42:30.521137+00:00
RPT-00607,2026-09-04 15:51:11.874790+00:00,South District,28.495788,77.186565,Road Flooding,Waterlogging observed along the central corridor; traffic diverted.,Sensor,0,Verified,Exact,Audio,TRUE,Disaster Management,Medium,Verified,2026-09-04 15:52:47.721696+00:00
RPT-00608,2026-09-04 15:43:30.592451+00:00,East District,28.611841,77.343158,Medical Emergency,Injured person found in flooded basement; rescue and medical support needed.,Citizen Report,18,Verified,Medium,Unavailable,TRUE,Medical Services,,Verified,2026-09-04 15:45:49.605982+00:00
RPT-00609,2026-09-04 15:41:36.571782+00:00,Industrial Zone,28.577411,77.082555,Structural Damage,Multiple reports of ceiling damage in adjacent buildings after tremor.,Citizen Report,5,Verified,High,Unavailable,FALSE,Public Works,Medium,Verified,2026-09-04 15:42:27.629845+00:00
RPT-00610,2026-09-04 15:42:19.211297+00:00,West District,28.645814,76.963265,Power Outage,Substation tripped due to flooding; restoration time unknown.,Sensor,2,Verified,Medium,,TRUE,Public Works,,Verified,2026-09-04 15:46:11.052642+00:00
RPT-00611,2026-09-02 23:16:52.186880+00:00,Riverside,28.675195,77.26849,Road Flooding,Road submerged after heavy rainfall; residents warned to avoid the area.,Sensor,0,Verified,Exact,Photo,UNKNOWN,Public Works,Low,Verified,2026-09-03 01:19:20.409619+00:00
RPT-00612,2026-09-04 14:27:22.155015+00:00,Central District,28.631803,77.213176,Road Flooding,Emergency vehicles unable to reach destination due to flooded road.,Sensor,7,Needs Review,Unknown,Video,TRUE,Emergency Services,High,Pending,2026-09-04 14:51:19.222964+00:00
RPT-00613,2026-09-04 13:07:25.316763+00:00,North District,28.75615,77.129881,Power Outage,Widespread outage affecting critical facilities including water treatment plant.,Sensor,9,Verified,Medium,,TRUE,Public Works,,Verified,2026-09-04 13:11:57.713870+00:00
RPT-00614,2026-09-04 15:37:37.215209+00:00,Old Town,28.664778,77.229025,Power Outage,Transformer explosion reported; area in complete darkness.,Sensor,20,Verified,Medium,Photo,UNKNOWN,Public Works,Low,Verified,2026-09-04 15:40:38.035293+00:00
RPT-00615,2026-09-04 14:43:19.857717+00:00,Industrial Zone,28.582616,77.069078,Road Flooding,Residents report rapidly rising water levels along the service road.,Emergency Call,10,Pending,Low,Video,TRUE,Public Works,Medium,Pending,2026-09-04 14:46:55.293253+00:00
RPT-00616,2026-09-04 15:53:09.854949+00:00,North District,28.743292,77.122402,Power Outage,Electricity supply disrupted; hospitals on backup generators.,Emergency Call,2,Verified,High,,TRUE,Public Works,Low,Verified,2026-09-04 15:53:33.630227+00:00
RPT-00617,2026-09-04 14:16:42.377807+00:00,East District,28.632112,77.345465,Evacuation Needed,Chemical leak nearby necessitates immediate area evacuation.,Department Report,12,Verified,Low,Photo,TRUE,Public Works,High,Verified,2026-09-04 14:35:51.689282+00:00
RPT-00618,2026-09-04 15:27:41.293330+00:00,Central District,28.637094,77.214815,Road Flooding,Standing water blocking access road; multiple vehicles stranded.,Citizen Report,12,Verified,Exact,Audio,FALSE,Disaster Management,Medium,Verified,2026-09-04 15:32:33.099081+00:00
RPT-00619,2026-09-04 15:04:44.723829+00:00,Old Town,28.65053,77.228345,Power Outage,Widespread outage affecting critical facilities including water treatment plant.,Citizen Report,12,Verified,Exact,,TRUE,Emergency Services,Low,Verified,2026-09-04 15:12:03.015606+00:00
RPT-00620,2026-09-04 06:24:55.985325+00:00,North District,28.760082,77.116689,Evacuation Needed,Residents refusing to evacuate despite imminent structural risk.,Department Report,7,Verified,Medium,Unavailable,UNKNOWN,Emergency Services,Critical,Verified,2026-09-04 08:49:57.251020+00:00
RPT-00621,2026-09-04 11:11:11.607272+00:00,Old Town,28.658458,77.218555,Road Flooding,"Floodwater covering the intersection, depth estimated at 30 cm.",Sensor,10,Pending,Low,Photo,UNKNOWN,Public Works,Medium,Pending,2026-09-04 12:25:17.087124+00:00
RPT-00622,2026-09-01 20:08:16.329926+00:00,North District,28.746389,77.106202,Water Contamination,Pipe burst near waste facility; contamination risk flagged by engineers.,Emergency Call,11,Pending,Exact,Unavailable,FALSE,Public Works,Critical,Needs Review,2026-09-02 12:31:36.440460+00:00
RPT-00623,2026-09-04 13:43:34.739537+00:00,South District,28.513607,77.180004,Road Flooding,Low-lying road completely inundated following storm surge.,Citizen Report,1,Verified,Low,Audio,UNKNOWN,Public Works,Low,Verified,2026-09-04 13:48:27.138295+00:00
RPT-00624,2026-09-02 21:52:04.733377+00:00,West District,28.645484,76.939452,Structural Damage,Roof section collapsed on commercial premises; no injuries reported yet.,Department Report,0,Pending,Exact,Unavailable,TRUE,Emergency Services,Medium,Pending,2026-09-03 03:52:44.905792+00:00
RPT-00625,2026-09-04 11:37:36.396801+00:00,Old Town,28.652411,77.233564,Road Flooding,Emergency vehicles unable to reach destination due to flooded road.,Sensor,2,Needs Review,Exact,Photo,TRUE,Emergency Services,Medium,Pending,2026-09-04 11:40:15.496204+00:00
RPT-00626,2026-09-04 15:26:02.307965+00:00,East District,28.60744,77.353209,Power Outage,Street lighting out; increased security risk in affected area.,Department Report,18,Needs Review,Exact,,TRUE,Public Works,Medium,Pending,2026-09-04 15:32:07.106059+00:00
RPT-00627,2026-09-03 00:29:17.643898+00:00,East District,28.617597,77.366691,Water Contamination,Chemical smell detected in municipal water supply in the district.,Citizen Report,8,Verified,High,Unavailable,TRUE,Emergency Services,High,Verified,2026-09-03 08:17:18.565185+00:00
RPT-00628,2026-09-03 12:35:14.676147+00:00,Riverside,28.663508,77.264282,Power Outage,Power lines down across the main avenue; risk of electrocution.,Sensor,9,Pending,High,,TRUE,Emergency Services,,Pending,2026-09-03 14:29:16.624732+00:00
RPT-00629,2026-09-04 13:49:51.928935+00:00,Industrial Zone,28.580274,77.07082,Structural Damage,Cracks reported on the exterior walls of the apartment block.,Field Responder,1,Verified,Medium,Photo,TRUE,Public Works,Medium,Verified,2026-09-04 13:56:30.066810+00:00
RPT-00630,2026-09-04 14:16:28.967299+00:00,East District,28.630422,77.349088,Medical Emergency,Injured person found in flooded basement; rescue and medical support needed.,Emergency Call,5,Verified,High,Audio,TRUE,Emergency Services,Low,Verified,2026-09-04 14:40:51.170663+00:00
RPT-00631,2026-09-04 14:15:02.417909+00:00,South District,28.505245,77.200945,Road Flooding,Flooding on underpass reported by commuters; immediate attention needed.,Citizen Report,1,Needs Review,Exact,Video,TRUE,Disaster Management,High,Pending,2026-09-04 14:30:21.036506+00:00
RPT-00632,2026-09-04 13:51:31.533378+00:00,East District,28.622739,77.33981,Evacuation Needed,Mass evacuation of high-rise building due to fire and smoke.,Citizen Report,6,Pending,High,Video,TRUE,Emergency Services,Critical,Pending,2026-09-04 14:22:25.585218+00:00
RPT-00633,2026-09-04 15:46:28.378949+00:00,Industrial Zone,28.579218,77.07684,Power Outage,Sensor network confirms power failure across the grid sector.,Sensor,9,Pending,High,Photo,TRUE,Emergency Services,Medium,Needs Review,2026-09-04 15:46:49.259920+00:00
RPT-00634,2026-09-01 23:58:59.150417+00:00,North District,28.760247,77.122528,Power Outage,Complete power failure affecting an estimated 500 households.,Sensor,19,Pending,High,Photo,UNKNOWN,Electricity Department,,Needs Review,2026-09-02 04:30:16.316747+00:00
RPT-00635,2026-09-04 15:49:19.301227+00:00,North District,28.74783,77.123789,Evacuation Needed,Chemical leak nearby necessitates immediate area evacuation.,Citizen Report,7,Verified,High,Unavailable,TRUE,Public Works,Critical,Verified,2026-09-04 15:50:48.431958+00:00
RPT-00636,2026-09-02 12:02:59.474732+00:00,North District,28.752099,77.118839,Structural Damage,Overhead bridge shows signs of structural instability; area cordoned off.,Field Responder,0,Verified,High,,TRUE,Disaster Management,Critical,Verified,2026-09-02 18:44:25.635180+00:00
RPT-00637,2026-09-04 14:23:27.048223+00:00,Old Town,28.659896,77.235603,Road Flooding,Drainage overflow causing road flooding; pedestrian safety at risk.,Emergency Call,0,Pending,Medium,Video,TRUE,Emergency Services,Medium,Pending,2026-09-04 14:48:21.875905+00:00
RPT-00638,2026-09-04 15:00:09.887565+00:00,South District,28.512997,77.156894,Water Contamination,"Floodwater covering the intersection, depth estimated at 30 cm.",Citizen Report,5,Pending,Medium,,UNKNOWN,Emergency Services,Low,Pending,2026-09-04 15:11:21.856489+00:00
RPT-00639,2026-09-04 13:43:58.580575+00:00,West District,28.633629,76.95295,Power Outage,Street lighting out; increased security risk in affected area.,Department Report,18,Pending,Medium,Unavailable,TRUE,Emergency Services,,Needs Review,2026-09-04 14:19:53.541031+00:00
RPT-00640,2026-09-04 14:55:42.397383+00:00,West District,28.653068,76.939926,Road Flooding,"Floodwater covering the intersection, depth estimated at 30 cm.",Field Responder,18,Pending,High,Unavailable,TRUE,Disaster Management,High,Pending,2026-09-04 15:09:44.631939+00:00
RPT-00641,2026-09-04 15:22:34.256246+00:00,Industrial Zone,28.57419,77.101662,Power Outage,Multiple residents report loss of electrical power in the neighbourhood.,Sensor,14,Verified,Low,Photo,TRUE,Public Works,,Verified,2026-09-04 15:27:00.911027+00:00
RPT-00642,2026-09-01 20:39:48.750316+00:00,Riverside,28.678105,77.264939,Road Flooding,"Floodwater covering the intersection, depth estimated at 30 cm.",Emergency Call,5,Pending,Unknown,Video,UNKNOWN,Public Works,Low,Needs Review,2026-09-02 11:51:04.370111+00:00
RPT-00643,2026-09-04 14:06:37.555725+00:00,Central District,28.638916,77.205353,Water Contamination,Chemical smell detected in municipal water supply in the district.,Field Responder,7,Verified,Unknown,Unavailable,UNKNOWN,Medical Services,Medium,Verified,2026-09-04 14:15:54.907393+00:00
RPT-00644,2026-09-04 12:39:53.897829+00:00,Central District,28.626858,77.226833,Structural Damage,Partial collapse of boundary wall after last night's storm.,Department Report,4,Needs Review,Medium,Video,TRUE,Emergency Services,Critical,Needs Review,2026-09-04 12:55:32.055372+00:00
RPT-00645,2026-09-02 21:33:12.130991+00:00,Old Town,28.656316,77.230092,Road Flooding,Residents report rapidly rising water levels along the service road.,Emergency Call,0,Verified,Unknown,,TRUE,Public Works,Medium,Verified,2026-09-03 09:40:40.765395+00:00
RPT-00646,2026-09-04 15:46:10.523139+00:00,Central District,28.632129,77.216941,Power Outage,Electricity supply disrupted; hospitals on backup generators.,Sensor,3,Needs Review,High,,TRUE,Electricity Department,,Pending,2026-09-04 15:46:22.301775+00:00
RPT-00647,2026-09-04 15:02:56.581086+00:00,Riverside,28.668829,77.269544,Road Flooding,Low-lying road completely inundated following storm surge.,Sensor,7,Needs Review,Low,Video,TRUE,Public Works,High,Needs Review,2026-09-04 15:16:16.131014+00:00
RPT-00648,2026-09-04 15:51:24.673344+00:00,East District,28.630802,77.352112,Power Outage,Substation tripped due to flooding; restoration time unknown.,Department Report,17,Rejected,Low,Photo,TRUE,Emergency Services,Low,Rejected,2026-09-04 15:51:53.598160+00:00
RPT-00649,2026-09-04 00:02:38.399680+00:00,South District,28.485931,77.166205,Road Flooding,"Floodwater covering the intersection, depth estimated at 30 cm.",Field Responder,3,Verified,Unknown,Audio,TRUE,Disaster Management,Medium,Verified,2026-09-04 03:40:58.029983+00:00
RPT-00650,2026-09-03 14:36:23.827680+00:00,Industrial Zone,28.576449,77.078915,Structural Damage,Building foundation appears compromised; residents evacuated as precaution.,Department Report,8,Verified,High,Photo,TRUE,Disaster Management,Critical,Verified,2026-09-03 16:27:42.826908+00:00
RPT-00651,2026-09-02 18:00:16.209609+00:00,West District,28.627222,76.954551,Power Outage,Widespread outage affecting critical facilities including water treatment plant.,Sensor,13,Pending,Low,,UNKNOWN,Emergency Services,Low,Pending,2026-09-03 00:11:33.994141+00:00
RPT-00652,,West District,28.641354,76.939908,Structural Damage,Multiple reports of ceiling damage in adjacent buildings after tremor.,Department Report,5,Needs Review,Medium,Photo,TRUE,Emergency Services,High,Pending,
RPT-00653,2026-09-04 08:22:10.029283+00:00,East District,28.621009,77.348761,Structural Damage,Cracks reported on the exterior walls of the apartment block.,Field Responder,7,Needs Review,Medium,Unavailable,UNKNOWN,Disaster Management,Critical,Needs Review,2026-09-04 08:44:56.536823+00:00
RPT-00654,2026-09-04 14:38:00.973189+00:00,Industrial Zone,28.585553,77.075341,Evacuation Needed,Mandatory evacuation ordered for low-lying residential blocks.,Citizen Report,0,Needs Review,Exact,Unavailable,UNKNOWN,Public Works,Critical,Needs Review,2026-09-04 14:40:34.068576+00:00
RPT-00655,2026-09-04 15:48:02.401616+00:00,Industrial Zone,28.571947,77.069409,Medical Emergency,Caller reports two unconscious individuals at the site.,Citizen Report,5,Needs Review,Medium,Video,TRUE,Medical Services,,Needs Review,2026-09-04 15:49:50.309665+00:00
RPT-00656,2026-09-04 10:34:21.602914+00:00,East District,28.609361,77.349275,Medical Emergency,Child with respiratory symptoms reported; possible exposure to contaminant.,Emergency Call,0,Verified,High,Audio,UNKNOWN,Emergency Services,Low,Verified,2026-09-04 11:15:39.117063+00:00
RPT-00657,2026-09-04 14:50:50.339995+00:00,East District,28.638606,77.356274,Structural Damage,Partial collapse of boundary wall after last night's storm.,Field Responder,5,Needs Review,Medium,Unavailable,TRUE,Disaster Management,Critical,Pending,2026-09-04 14:55:16.405892+00:00
RPT-00658,2026-09-04 10:45:10.660238+00:00,South District,28.513183,77.171879,Power Outage,Multiple residents report loss of electrical power in the neighbourhood.,Sensor,7,Pending,Exact,,UNKNOWN,Emergency Services,Medium,Pending,2026-09-04 10:45:48.062454+00:00
RPT-00659,2026-09-04 14:11:09.777732+00:00,Industrial Zone,28.579019,77.069392,Power Outage,Complete power failure affecting an estimated 500 households.,Citizen Report,5,Verified,High,Photo,TRUE,Emergency Services,Medium,Verified,2026-09-04 14:42:40.507639+00:00
RPT-00660,2026-09-03 13:10:17.306874+00:00,West District,28.63899,76.941188,Road Flooding,Low-lying road completely inundated following storm surge.,Field Responder,11,Verified,High,Video,UNKNOWN,Emergency Services,High,Verified,2026-09-03 20:36:00.175612+00:00
RPT-00661,2026-09-04 15:26:02.116496+00:00,Riverside,28.67187,77.277137,Water Contamination,Illegal industrial discharge suspected to have contaminated water source.,Sensor,7,Needs Review,Exact,,FALSE,Public Works,Critical,Needs Review,2026-09-04 15:33:34.797327+00:00
RPT-00662,2026-09-04 15:46:36.961572+00:00,South District,28.518794,77.172802,Structural Damage,Multiple reports of ceiling damage in adjacent buildings after tremor.,Field Responder,8,Verified,High,Photo,FALSE,Public Works,High,Verified,2026-09-04 15:48:30.899673+00:00
RPT-00663,2026-09-04 12:46:02.137096+00:00,Old Town,28.643292,77.227164,Power Outage,Electricity supply disrupted; hospitals on backup generators.,Department Report,17,Pending,Medium,,TRUE,Emergency Services,Low,Needs Review,2026-09-04 12:58:34.426701+00:00
RPT-00664,2026-09-02 02:30:03.436289+00:00,Riverside,28.670069,77.27631,Medical Emergency,Person found unresponsive; bystanders performing CPR; ambulance en route.,Emergency Call,5,Verified,High,Photo,TRUE,Medical Services,Low,Verified,2026-09-02 18:25:42.382778+00:00
RPT-00665,2026-09-04 12:54:22.073947+00:00,North District,28.746973,77.133812,Structural Damage,House wall leaning dangerously; occupants requested to vacate premises.,Emergency Call,5,Verified,Medium,Photo,UNKNOWN,Emergency Services,Critical,Verified,2026-09-04 12:57:21.611280+00:00
RPT-00666,2026-09-04 15:51:14.875750+00:00,North District,28.746309,77.1315,Power Outage,Transformer explosion reported; area in complete darkness.,Emergency Call,12,Pending,Exact,,UNKNOWN,Emergency Services,,Pending,2026-09-04 15:52:34.777155+00:00
RPT-00667,2026-09-03 12:04:11.243054+00:00,South District,28.493199,77.168002,Evacuation Needed,Evacuation shelters at capacity; additional sites urgently required.,Emergency Call,25,Verified,Exact,Unavailable,UNKNOWN,Emergency Services,Critical,Verified,2026-09-03 13:52:23.299504+00:00
RPT-00668,2026-09-04 07:43:10.488980+00:00,North District,28.750393,77.105333,Road Flooding,Low-lying road completely inundated following storm surge.,Field Responder,4,Pending,Exact,,FALSE,Public Works,Low,Pending,2026-09-04 09:34:15.509630+00:00
RPT-00669,2026-09-02 05:38:09.631608+00:00,Central District,28.631549,77.217566,Structural Damage,Multiple reports of ceiling damage in adjacent buildings after tremor.,Department Report,8,Verified,Exact,Unavailable,TRUE,Public Works,Critical,Verified,2026-09-02 09:02:05.245481+00:00
RPT-00670,2026-09-04 15:42:25.947369+00:00,Industrial Zone,28.578437,77.079851,Power Outage,Sensor network confirms power failure across the grid sector.,Department Report,20,Verified,Exact,Video,TRUE,Electricity Department,Low,Verified,2026-09-04 15:44:52.400665+00:00
RPT-00671,2026-09-03 04:26:28.681005+00:00,West District,28.621328,76.971262,Water Contamination,Water samples show elevated turbidity following pipeline damage.,Field Responder,4,Verified,Unknown,Video,TRUE,Water Department,High,Verified,2026-09-03 09:31:13.363710+00:00
RPT-00672,2026-09-02 23:24:14.958098+00:00,East District,28.627994,77.324612,Power Outage,Power lines down across the main avenue; risk of electrocution.,Sensor,20,Needs Review,Exact,Unavailable,TRUE,Electricity Department,Low,Needs Review,2026-09-03 09:37:01.851698+00:00
RPT-00673,2026-09-02 05:29:56.425178+00:00,Industrial Zone,28.577538,77.087403,Power Outage,Transformer explosion reported; area in complete darkness.,Sensor,15,Pending,Medium,,TRUE,Emergency Services,Medium,Needs Review,2026-09-02 15:03:57.213847+00:00
RPT-00674,2026-09-04 14:23:22.807862+00:00,Riverside,28.66554,77.271656,Structural Damage,House wall leaning dangerously; occupants requested to vacate premises.,Department Report,1,Verified,Exact,Photo,UNKNOWN,Emergency Services,Critical,Verified,2026-09-04 14:28:02.683759+00:00
RPT-00675,2026-09-04 12:46:19.324410+00:00,North District,28.758795,77.110755,Road Flooding,Standing water blocking access road; multiple vehicles stranded.,Field Responder,6,Verified,Medium,,TRUE,Disaster Management,High,Verified,2026-09-04 13:39:02.646818+00:00
RPT-00676,2026-09-04 15:07:16.028879+00:00,Riverside,28.667781,77.268589,Evacuation Needed,Residents refusing to evacuate despite imminent structural risk.,Emergency Call,19,Verified,Exact,Unavailable,TRUE,Public Works,Critical,Verified,2026-09-04 15:18:23.662139+00:00
RPT-00677,2026-09-04 15:35:31.165994+00:00,Old Town,28.659971,77.230384,Water Contamination,Possible sewage intrusion into potable water supply reported.,Department Report,12,Pending,High,Unavailable,TRUE,Water Department,High,Pending,2026-09-04 15:38:31.844628+00:00
RPT-00678,2026-09-04 14:45:07.738009+00:00,West District,28.639242,76.951396,Evacuation Needed,Rising floodwater threatening neighbourhood; evacuation in progress.,Department Report,14,Verified,Medium,,TRUE,Disaster Management,Critical,Verified,2026-09-04 14:59:19.985177+00:00
RPT-00679,2026-09-02 18:02:01.555807+00:00,West District,28.63883,76.957673,Road Flooding,Emergency vehicles unable to reach destination due to flooded road.,Citizen Report,12,Verified,Unknown,Photo,TRUE,Disaster Management,High,Verified,2026-09-03 07:20:56.601001+00:00
RPT-00680,,West District,28.646887,76.965225,Medical Emergency,Multiple casualties reported at scene; medical teams needed urgently.,Emergency Call,3,Pending,High,,TRUE,Medical Services,,Needs Review,
RPT-00681,2026-09-03 13:01:43.615832+00:00,Industrial Zone,28.576732,77.073262,Medical Emergency,Person found unresponsive; bystanders performing CPR; ambulance en route.,Department Report,3,Verified,High,,TRUE,Emergency Services,Low,Verified,2026-09-03 13:39:37.173923+00:00
RPT-00682,2026-09-04 15:39:16.783072+00:00,Central District,28.627238,77.205137,Structural Damage,House wall leaning dangerously; occupants requested to vacate premises.,Department Report,1,Verified,High,Unavailable,TRUE,Disaster Management,High,Verified,2026-09-04 15:41:13.001601+00:00
RPT-00683,2026-09-04 15:52:16.793437+00:00,Industrial Zone,28.582081,77.090982,Power Outage,Transformer explosion reported; area in complete darkness.,Sensor,2,Needs Review,Medium,Video,TRUE,Electricity Department,Medium,Pending,2026-09-04 15:52:24.680244+00:00
RPT-00684,2026-09-02 00:58:43.312636+00:00,North District,28.747954,77.118052,Evacuation Needed,Neighbourhood cordoned off; evacuation underway with police assistance.,Emergency Call,11,Verified,Low,Audio,UNKNOWN,Emergency Services,Critical,Verified,2026-09-02 18:30:05.682914+00:00
RPT-00685,2026-09-04 14:12:35.203461+00:00,East District,28.603914,77.353386,Medical Emergency,Elderly resident collapsed; ambulance requested immediately.,Department Report,4,Pending,Exact,,TRUE,Emergency Services,,Pending,2026-09-04 14:15:10.771495+00:00
RPT-00686,2026-09-03 22:46:51.006156+00:00,North District,28.742242,77.1418,Water Contamination,Water department confirms contamination in sector; do-not-drink advisory issued.,Citizen Report,14,Verified,Unknown,Photo,UNKNOWN,Water Department,High,Verified,2026-09-04 03:51:37.977572+00:00
RPT-00687,2026-09-04 11:11:38.624501+00:00,Industrial Zone,28.570754,77.086552,Water Contamination,Residents report discoloured tap water with unusual odour.,Sensor,5,Needs Review,Exact,,TRUE,Public Works,Critical,Pending,2026-09-04 11:46:40.235855+00:00
RPT-00688,2026-09-04 10:05:09.120490+00:00,Riverside,28.673311,77.274532,Evacuation Needed,Mandatory evacuation ordered for low-lying residential blocks.,Field Responder,5,Pending,Low,Unavailable,TRUE,Emergency Services,High,Pending,2026-09-04 11:26:04.090120+00:00
RPT-00689,2026-09-04 15:12:38.675674+00:00,Old Town,28.661722,77.234707,Power Outage,Widespread outage affecting critical facilities including water treatment plant.,Sensor,6,Verified,Exact,Photo,TRUE,Emergency Services,Medium,Verified,2026-09-04 15:20:09.148592+00:00
RPT-00690,2026-09-02 23:25:41.191387+00:00,Riverside,28.66938,77.276447,Medical Emergency,Partial collapse of boundary wall after last night's storm.,Citizen Report,7,Verified,High,Video,TRUE,Emergency Services,Medium,Verified,2026-09-03 09:30:42.176954+00:00
RPT-00691,2026-09-04 14:05:08.052994+00:00,Industrial Zone,28.572483,77.093174,Water Contamination,Possible sewage intrusion into potable water supply reported.,Citizen Report,9,Pending,Medium,Photo,TRUE,Medical Services,Medium,Needs Review,2026-09-04 14:22:28.538084+00:00
RPT-00692,2026-09-04 14:07:07.371861+00:00,Riverside,28.667292,77.274204,Medical Emergency,Child with respiratory symptoms reported; possible exposure to contaminant.,Department Report,0,Verified,High,,TRUE,Medical Services,Low,Verified,2026-09-04 14:13:17.222469+00:00
RPT-00693,2026-09-04 14:30:41.243263+00:00,East District,28.620111,77.339249,Medical Emergency,Injured person found in flooded basement; rescue and medical support needed.,Department Report,1,Verified,Medium,Photo,TRUE,Emergency Services,Low,Verified,2026-09-04 14:38:27.253465+00:00
RPT-00694,2026-09-04 13:23:26.636526+00:00,South District,28.484834,77.189859,Evacuation Needed,Mandatory evacuation ordered for low-lying residential blocks.,Sensor,12,Needs Review,High,Audio,UNKNOWN,Emergency Services,High,Needs Review,2026-09-04 13:53:59.530651+00:00
RPT-00695,2026-09-04 14:11:52.243227+00:00,East District,28.622818,77.339495,Power Outage,Power lines down across the main avenue; risk of electrocution.,Sensor,8,Pending,High,Video,TRUE,Emergency Services,,Needs Review,2026-09-04 14:25:37.831617+00:00
RPT-00696,2026-09-02 07:35:13.998289+00:00,Riverside,28.672356,77.27011,Evacuation Needed,Residents refusing to evacuate despite imminent structural risk.,Field Responder,18,Verified,Low,Audio,UNKNOWN,Public Works,High,Verified,2026-09-02 09:12:26.919410+00:00
RPT-00697,2026-09-04 13:03:43.750834+00:00,Industrial Zone,28.582241,77.061396,Structural Damage,Building foundation appears compromised; residents evacuated as precaution.,Emergency Call,5,Verified,High,,FALSE,Disaster Management,Medium,Verified,2026-09-04 13:35:20.952034+00:00
RPT-00698,2026-09-04 13:13:45.935775+00:00,North District,28.737177,77.107178,Power Outage,Electricity supply disrupted; hospitals on backup generators.,Sensor,3,Needs Review,Exact,,TRUE,Public Works,,Pending,2026-09-04 13:21:08.690852+00:00
RPT-00699,2026-09-03 07:15:13.229787+00:00,North District,28.748277,77.149815,Medical Emergency,Multiple casualties reported at scene; medical teams needed urgently.,Emergency Call,0,Verified,Medium,Audio,TRUE,Medical Services,Low,Verified,2026-09-03 15:10:06.125994+00:00
RPT-00700,2026-09-03 04:13:52.007024+00:00,Industrial Zone,28.579572,77.078763,Evacuation Needed,Multiple elderly residents require assisted evacuation support.,Citizen Report,11,Needs Review,High,Audio,TRUE,Disaster Management,Critical,Needs Review,2026-09-03 08:13:33.833572+00:00
RPT-00701,2026-09-02 09:55:31.550137+00:00,Riverside,28.671918,77.272431,Evacuation Needed,Mandatory evacuation ordered for low-lying residential blocks.,Citizen Report,7,Needs Review,Low,Unavailable,TRUE,Public Works,High,Pending,2026-09-02 17:17:58.076668+00:00
RPT-00702,2026-09-04 15:04:27.767287+00:00,South District,28.507495,77.170166,Road Flooding,Flooding on underpass reported by commuters; immediate attention needed.,Citizen Report,5,Needs Review,High,Audio,TRUE,Emergency Services,Medium,Needs Review,2026-09-04 15:04:44.314210+00:00
RPT-00703,2026-09-04 12:51:00.519304+00:00,South District,28.498296,77.182561,Road Flooding,Emergency vehicles unable to reach destination due to flooded road.,Sensor,1,Pending,Medium,Photo,FALSE,Public Works,High,Pending,2026-09-04 13:45:13.007061+00:00
RPT-00704,2026-09-02 08:29:50.306049+00:00,Old Town,28.65913,77.231348,Water Contamination,Residents report discoloured tap water with unusual odour.,Sensor,9,Rejected,Unknown,Photo,TRUE,Water Department,High,Rejected,2026-09-02 15:31:34.672328+00:00
RPT-00705,2026-09-04 10:46:26.527158+00:00,Central District,28.628245,77.207028,Water Contamination,Residents report discoloured tap water with unusual odour.,Sensor,5,Rejected,High,Unavailable,FALSE,Public Works,Critical,Rejected,2026-09-04 11:51:06.650725+00:00
RPT-00706,2026-09-04 14:19:49.226441+00:00,West District,28.640577,76.939306,Medical Emergency,Emergency call received about a person trapped and showing signs of distress.,Emergency Call,5,Verified,Exact,Video,TRUE,Emergency Services,,Verified,2026-09-04 14:38:58.084070+00:00
RPT-00707,2026-09-04 11:34:04.822113+00:00,Riverside,28.672339,77.272454,Evacuation Needed,Multiple elderly residents require assisted evacuation support.,Emergency Call,25,Verified,High,Photo,TRUE,Public Works,Critical,Verified,2026-09-04 12:16:46.674449+00:00
RPT-00708,2026-09-04 12:20:13.834632+00:00,Riverside,28.668012,77.274661,Road Flooding,Emergency vehicles unable to reach destination due to flooded road.,Sensor,3,Verified,Exact,Photo,TRUE,Disaster Management,Medium,Verified,2026-09-04 13:03:11.016712+00:00
RPT-00709,2026-09-04 15:47:33.768638+00:00,Old Town,28.650906,77.227924,Water Contamination,Water department confirms contamination in sector; do-not-drink advisory issued.,Department Report,13,Verified,Medium,Audio,FALSE,Medical Services,High,Verified,2026-09-04 15:48:01.898871+00:00
RPT-00710,2026-09-04 13:57:45.720357+00:00,North District,28.750071,77.110194,Medical Emergency,Multiple casualties reported at scene; medical teams needed urgently.,Citizen Report,4,Needs Review,Medium,Audio,TRUE,Medical Services,Low,Needs Review,2026-09-04 14:18:10.041136+00:00
RPT-00711,2026-09-01 18:34:23.263575+00:00,Industrial Zone,28.573622,77.077463,Water Contamination,Water department confirms contamination in sector; do-not-drink advisory issued.,Department Report,13,Verified,Unknown,Unavailable,TRUE,Medical Services,High,Verified,2026-09-02 10:25:38.275465+00:00
RPT-00712,2026-09-04 14:53:12.809701+00:00,Industrial Zone,28.581141,77.088843,Evacuation Needed,Rising floodwater threatening neighbourhood; evacuation in progress.,Citizen Report,15,Verified,Low,,TRUE,Emergency Services,High,Verified,2026-09-04 14:56:30.404262+00:00
RPT-00713,2026-09-04 12:18:49.781184+00:00,Industrial Zone,28.587303,77.078543,Water Contamination,Pipe burst near waste facility; contamination risk flagged by engineers.,Sensor,10,Verified,Exact,Audio,TRUE,Public Works,Critical,Verified,2026-09-04 12:20:19.423894+00:00
RPT-00714,2026-09-04 14:52:21.481045+00:00,Old Town,28.650261,77.216461,Evacuation Needed,Evacuation shelters at capacity; additional sites urgently required.,Field Responder,8,Verified,Low,Unavailable,FALSE,Public Works,High,Verified,2026-09-04 15:06:10.030507+00:00
RPT-00715,,South District,28.505367,77.174968,Power Outage,Repeated fluctuations followed by complete outage; residents concerned.,Citizen Report,16,Rejected,Exact,Video,FALSE,Emergency Services,Medium,Rejected,
RPT-00716,,Riverside,28.676077,77.260545,Evacuation Needed,Chemical leak nearby necessitates immediate area evacuation.,Sensor,24,Needs Review,High,Audio,UNKNOWN,Emergency Services,High,Needs Review,
RPT-00717,2026-09-02 07:12:38.408885+00:00,South District,28.497085,77.163977,Power Outage,Repeated fluctuations followed by complete outage; residents concerned.,Emergency Call,3,Verified,Low,,TRUE,Public Works,Medium,Verified,2026-09-02 13:23:44.949196+00:00
RPT-00718,2026-09-04 14:51:15.821736+00:00,Industrial Zone,28.580785,77.075997,Medical Emergency,Child with respiratory symptoms reported; possible exposure to contaminant.,Field Responder,3,Verified,Exact,Unavailable,TRUE,Medical Services,Low,Verified,2026-09-04 14:56:28.495499+00:00
RPT-00719,2026-09-04 11:34:16.379997+00:00,Old Town,28.6595,77.225869,Road Flooding,Road submerged after heavy rainfall; residents warned to avoid the area.,Citizen Report,7,Needs Review,High,Video,FALSE,Emergency Services,High,Pending,2026-09-04 12:34:15.860244+00:00
RPT-00720,2026-09-04 14:23:50.626119+00:00,West District,28.647517,76.941195,Road Flooding,Road submerged after heavy rainfall; residents warned to avoid the area.,Emergency Call,4,Verified,Medium,Video,TRUE,Disaster Management,High,Verified,2026-09-04 14:43:15.345089+00:00
RPT-00721,2026-09-02 23:50:20.197726+00:00,Central District,28.629066,77.218556,Medical Emergency,Multiple casualties reported at scene; medical teams needed urgently.,Emergency Call,2,Verified,High,Unavailable,TRUE,Medical Services,,Verified,2026-09-03 05:34:42.146033+00:00
RPT-00722,2026-09-04 09:00:34.480309+00:00,East District,28.611945,77.343861,Water Contamination,Water department confirms contamination in sector; do-not-drink advisory issued.,Emergency Call,3,Pending,Low,Video,TRUE,Emergency Services,Critical,Needs Review,2026-09-04 10:58:51.383449+00:00
RPT-00723,2026-09-04 15:38:29.249723+00:00,West District,28.646436,76.961086,Structural Damage,Field responder confirms structural cracks on load-bearing column.,Field Responder,0,Needs Review,Medium,Photo,FALSE,Emergency Services,High,Needs Review,2026-09-04 15:41:57.258169+00:00
RPT-00724,2026-09-04 14:29:31.429129+00:00,South District,28.503336,77.179248,Power Outage,Multiple residents report loss of electrical power in the neighbourhood.,Emergency Call,7,Verified,Exact,Unavailable,TRUE,Electricity Department,Low,Verified,2026-09-04 14:41:29.010195+00:00
RPT-00725,2026-09-04 10:49:23.803814+00:00,Central District,28.633271,77.22282,Power Outage,Complete power failure affecting an estimated 500 households.,Sensor,9,Needs Review,Medium,,TRUE,Electricity Department,,Pending,2026-09-04 11:18:48.908678+00:00
RPT-00726,2026-09-04 02:35:18.065994+00:00,Old Town,28.657756,77.231991,Road Flooding,Waterlogging observed along the central corridor; traffic diverted.,Field Responder,4,Verified,Medium,Audio,TRUE,Disaster Management,Medium,Verified,2026-09-04 06:08:30.002397+00:00
RPT-00727,2026-09-04 14:34:10.883330+00:00,Old Town,28.658651,77.229777,Water Contamination,Blue-green algae bloom observed in reservoir; water supply may be affected.,Field Responder,3,Verified,Medium,Audio,TRUE,Emergency Services,Critical,Verified,2026-09-04 14:40:44.429832+00:00
RPT-00728,2026-09-02 13:31:57.002172+00:00,Central District,28.627949,77.217234,Power Outage,Sensor network confirms power failure across the grid sector.,Sensor,17,Verified,High,Video,TRUE,Public Works,Medium,Verified,2026-09-02 14:57:46.204167+00:00
RPT-00729,2026-09-04 14:37:56.126932+00:00,East District,28.621332,77.3545,Water Contamination,Possible sewage intrusion into potable water supply reported.,Department Report,13,Verified,Medium,Photo,TRUE,Medical Services,High,Verified,2026-09-04 14:51:28.104021+00:00
RPT-00730,2026-09-04 14:03:49.866204+00:00,Industrial Zone,28.583142,77.063221,Structural Damage,Field responder confirms structural cracks on load-bearing column.,Department Report,6,Pending,Medium,Photo,TRUE,Disaster Management,High,Needs Review,2026-09-04 14:32:08.686997+00:00
RPT-00731,2026-09-01 17:35:59.528636+00:00,Riverside,28.671663,77.265411,Power Outage,Multiple residents report loss of electrical power in the neighbourhood.,Department Report,14,Needs Review,Low,Video,TRUE,Public Works,,Pending,2026-09-02 09:47:17.568511+00:00
RPT-00732,2026-09-02 17:11:24.877933+00:00,West District,28.636771,76.943455,Structural Damage,Roof section collapsed on commercial premises; no injuries reported yet.,Citizen Report,5,Verified,Medium,Photo,FALSE,Emergency Services,High,Verified,2026-09-02 23:21:49.814197+00:00
RPT-00733,2026-09-04 13:42:41.982827+00:00,East District,28.615824,77.360169,Structural Damage,Field responder confirms structural cracks on load-bearing column.,Department Report,7,Verified,Exact,Unavailable,UNKNOWN,Disaster Management,High,Verified,2026-09-04 13:44:57.569574+00:00
RPT-00734,2026-09-04 12:11:45.183817+00:00,Old Town,28.657066,77.228656,Power Outage,Repeated fluctuations followed by complete outage; residents concerned.,Sensor,6,Pending,Medium,,TRUE,Emergency Services,Low,Needs Review,2026-09-04 12:33:54.022443+00:00
RPT-00735,2026-09-04 15:21:02.538436+00:00,Central District,28.628776,77.215912,Power Outage,Electricity supply disrupted; hospitals on backup generators.,Sensor,8,Needs Review,Medium,Photo,TRUE,Public Works,Medium,Pending,2026-09-04 15:31:30.167462+00:00
RPT-00736,2026-09-04 15:50:22.658841+00:00,North District,28.759121,77.133276,Water Contamination,Blue-green algae bloom observed in reservoir; water supply may be affected.,Field Responder,1,Rejected,Low,Unavailable,TRUE,Water Department,Critical,Rejected,2026-09-04 15:50:26.446227+00:00
RPT-00737,2026-09-04 11:20:53.639476+00:00,Old Town,28.654119,77.235294,Power Outage,Complete power failure affecting an estimated 500 households.,Sensor,19,Pending,High,,TRUE,Emergency Services,,Pending,2026-09-04 11:36:42.111847+00:00
RPT-00738,2026-09-03 05:24:38.577229+00:00,Central District,28.617701,77.223588,Medical Emergency,Person found unresponsive; bystanders performing CPR; ambulance en route.,Emergency Call,3,Verified,Exact,Video,TRUE,Medical Services,Low,Verified,2026-09-03 05:37:59.940138+00:00
RPT-00739,2026-09-02 20:02:09.577683+00:00,Industrial Zone,28.585108,77.080744,Evacuation Needed,Neighbourhood cordoned off; evacuation underway with police assistance.,Citizen Report,20,Verified,Medium,Photo,FALSE,Emergency Services,Critical,Verified,2026-09-03 00:42:28.975641+00:00
RPT-00740,2026-09-04 15:17:46.490778+00:00,West District,28.638675,76.954304,Structural Damage,Roof section collapsed on commercial premises; no injuries reported yet.,Department Report,5,Rejected,Exact,,TRUE,Public Works,Critical,Rejected,2026-09-04 15:20:13.678236+00:00
RPT-00741,2026-09-04 12:21:07.978972+00:00,West District,28.645157,76.947273,Power Outage,Widespread outage affecting critical facilities including water treatment plant.,Department Report,14,Pending,Exact,,TRUE,Public Works,,Pending,2026-09-04 12:34:26.747199+00:00
RPT-00742,2026-09-04 13:57:25.392435+00:00,South District,28.511667,77.17726,Road Flooding,Waterlogging observed along the central corridor; traffic diverted.,Field Responder,1,Rejected,Low,Audio,FALSE,Public Works,Low,Rejected,2026-09-04 14:12:18.426209+00:00
RPT-00743,2026-09-04 15:09:23.260199+00:00,Riverside,28.665276,77.270987,Evacuation Needed,Mass evacuation of high-rise building due to fire and smoke.,Citizen Report,15,Rejected,High,Video,TRUE,Disaster Management,Critical,Rejected,2026-09-04 15:10:19.153008+00:00
RPT-00744,2026-09-02 00:46:12.558593+00:00,South District,28.489325,77.162267,Water Contamination,Residents report discoloured tap water with unusual odour.,Field Responder,3,Needs Review,Medium,,TRUE,Medical Services,Critical,Needs Review,2026-09-02 01:06:02.272535+00:00
RPT-00745,2026-09-04 07:58:12.866950+00:00,Industrial Zone,28.583334,77.071781,Power Outage,Widespread outage affecting critical facilities including water treatment plant.,Sensor,7,Verified,Exact,Unavailable,UNKNOWN,Emergency Services,Medium,Verified,2026-09-04 08:27:31.394181+00:00
RPT-00746,2026-09-03 22:44:45.866175+00:00,Riverside,28.6709,77.270244,Power Outage,Transformer explosion reported; area in complete darkness.,Sensor,15,Needs Review,High,Video,FALSE,Emergency Services,,Pending,2026-09-03 23:15:45.915729+00:00
RPT-00747,2026-09-04 10:20:14.630580+00:00,Industrial Zone,28.583506,77.079681,Road Flooding,Drainage overflow causing road flooding; pedestrian safety at risk.,Sensor,2,Needs Review,Exact,,TRUE,Disaster Management,Medium,Needs Review,2026-09-04 10:33:11.572410+00:00
RPT-00748,2026-09-04 15:50:52.690387+00:00,South District,28.483541,77.182774,Evacuation Needed,Rising floodwater threatening neighbourhood; evacuation in progress.,Sensor,7,Verified,Exact,Photo,TRUE,Emergency Services,High,Verified,2026-09-04 15:52:29.396728+00:00
RPT-00749,2026-09-02 01:47:58.320470+00:00,East District,28.619153,77.341602,Power Outage,Widespread outage affecting critical facilities including water treatment plant.,Citizen Report,15,Verified,Medium,Unavailable,TRUE,Electricity Department,Low,Verified,2026-09-02 15:44:40.788691+00:00
RPT-00750,2026-09-04 10:40:51.496429+00:00,East District,28.631306,77.351275,Structural Damage,House wall leaning dangerously; occupants requested to vacate premises.,Field Responder,7,Verified,High,Photo,TRUE,Emergency Services,Medium,Verified,2026-09-04 11:35:35.423414+00:00
RPT-00751,2026-09-03 03:49:55.461885+00:00,Central District,28.62712,77.218861,Medical Emergency,Child with respiratory symptoms reported; possible exposure to contaminant.,Field Responder,2,Verified,High,Unavailable,UNKNOWN,Emergency Services,,Verified,2026-09-03 04:52:39.693742+00:00
RPT-00752,2026-09-04 14:10:14.312611+00:00,South District,28.502103,77.1676,Power Outage,Widespread outage affecting critical facilities including water treatment plant.,Sensor,16,Needs Review,Exact,Unavailable,TRUE,Electricity Department,,Needs Review,2026-09-04 14:20:03.979775+00:00
RPT-00753,2026-09-02 20:47:55.143434+00:00,East District,28.604764,77.364289,Road Flooding,"Heavy water accumulation reported near the main road, vehicles unable to pass.",Field Responder,12,Needs Review,Medium,Photo,TRUE,Disaster Management,Low,Pending,2026-09-03 03:40:00.531771+00:00
RPT-00754,2026-09-04 14:04:13.057145+00:00,West District,28.630504,76.91786,Power Outage,Repeated fluctuations followed by complete outage; residents concerned.,Sensor,7,Verified,Exact,Photo,UNKNOWN,Electricity Department,Medium,Verified,2026-09-04 14:28:25.942845+00:00
RPT-00755,2026-09-04 09:55:32.126721+00:00,Industrial Zone,28.583659,77.074474,Evacuation Needed,Evacuation order issued for industrial zone due to hazardous spill.,Citizen Report,18,Verified,Low,,TRUE,Public Works,Critical,Verified,2026-09-04 10:22:47.075083+00:00
RPT-00756,2026-09-04 14:14:19.872199+00:00,South District,28.509575,77.184485,Structural Damage,Roof section collapsed on commercial premises; no injuries reported yet.,Field Responder,2,Verified,High,Unavailable,TRUE,Public Works,High,Verified,2026-09-04 14:16:30.135802+00:00
RPT-00757,2026-09-04 10:51:44.269429+00:00,South District,28.498003,77.164246,Medical Emergency,Injured person found in flooded basement; rescue and medical support needed.,Emergency Call,2,Pending,Medium,Audio,TRUE,Medical Services,Low,Pending,2026-09-04 11:46:31.872790+00:00
RPT-00758,2026-09-04 11:36:32.453596+00:00,South District,28.486735,77.175778,Power Outage,Sensor network confirms power failure across the grid sector.,Sensor,14,Pending,Medium,,TRUE,Public Works,,Needs Review,2026-09-04 12:44:59.495506+00:00
RPT-00759,2026-09-03 15:27:19.778074+00:00,South District,28.513775,77.190283,Structural Damage,Roof section collapsed on commercial premises; no injuries reported yet.,Department Report,6,Verified,High,Video,TRUE,Disaster Management,High,Verified,2026-09-03 20:46:33.070260+00:00
RPT-00760,2026-09-04 14:56:23.412757+00:00,Riverside,28.66334,77.275521,Water Contamination,Illegal industrial discharge suspected to have contaminated water source.,Citizen Report,13,Verified,High,,TRUE,Water Department,Critical,Verified,2026-09-04 15:01:13.036878+00:00
RPT-00761,2026-09-01 22:17:55.734510+00:00,Industrial Zone,28.568591,77.068954,Evacuation Needed,Chemical leak nearby necessitates immediate area evacuation.,Citizen Report,21,Pending,High,Video,TRUE,Public Works,High,Pending,2026-09-02 06:36:24.329378+00:00
RPT-00762,2026-09-04 08:15:23.945340+00:00,Riverside,28.667404,77.264841,Road Flooding,"Heavy water accumulation reported near the main road, vehicles unable to pass.",Sensor,12,Verified,Unknown,Audio,UNKNOWN,Public Works,Medium,Verified,2026-09-04 09:33:53.806955+00:00
RPT-00763,2026-09-04 14:19:38.773313+00:00,South District,28.497294,77.191936,Power Outage,Electricity supply disrupted; hospitals on backup generators.,Sensor,13,Verified,Medium,Video,UNKNOWN,Public Works,Medium,Verified,2026-09-04 14:29:07.063174+00:00
RPT-00764,2026-09-02 02:45:26.554714+00:00,West District,28.6251,76.942831,Structural Damage,Roof section collapsed on commercial premises; no injuries reported yet.,Citizen Report,1,Verified,Medium,Unavailable,TRUE,Public Works,High,Verified,2026-09-02 06:56:06.006371+00:00
RPT-00765,2026-09-04 12:30:11.074740+00:00,South District,28.494454,77.172012,Water Contamination,Possible sewage intrusion into potable water supply reported.,Field Responder,14,Pending,Low,Photo,TRUE,Public Works,High,Needs Review,2026-09-04 12:40:03.605550+00:00
RPT-00766,2026-09-04 15:46:15.646055+00:00,West District,28.624756,76.939234,Road Flooding,Low-lying road completely inundated following storm surge.,Field Responder,6,Verified,Unknown,Video,TRUE,Disaster Management,Low,Verified,2026-09-04 15:49:11.404870+00:00
RPT-00767,2026-09-02 02:57:16.428631+00:00,Riverside,28.666064,77.268765,Structural Damage,Roof section collapsed on commercial premises; no injuries reported yet.,Emergency Call,1,Verified,Medium,Photo,TRUE,Disaster Management,Critical,Verified,2026-09-02 03:26:46.300761+00:00
RPT-00768,,West District,28.626399,76.956687,Structural Damage,Building foundation appears compromised; residents evacuated as precaution.,Field Responder,7,Pending,Medium,Photo,TRUE,Public Works,Medium,Needs Review,
RPT-00769,2026-09-04 14:45:11.819667+00:00,Industrial Zone,28.569486,77.06678,Evacuation Needed,Residents refusing to evacuate despite imminent structural risk.,Citizen Report,14,Verified,Medium,,UNKNOWN,Disaster Management,Critical,Verified,2026-09-04 14:46:51.301815+00:00
RPT-00770,2026-09-02 15:22:52.232637+00:00,West District,28.642971,76.937382,Water Contamination,Multiple residents hospitalised with gastrointestinal symptoms after water consumption.,Sensor,13,Needs Review,Low,Audio,FALSE,Medical Services,Medium,Needs Review,2026-09-02 23:27:15.110825+00:00
RPT-00771,2026-09-03 02:29:29.701176+00:00,North District,28.7396,77.123184,Evacuation Needed,Rising floodwater threatening neighbourhood; evacuation in progress.,Sensor,20,Verified,High,Audio,FALSE,Emergency Services,High,Verified,2026-09-03 10:25:42.678830+00:00
RPT-00772,2026-09-04 14:54:27.841209+00:00,Central District,28.616817,77.211762,Road Flooding,Standing water blocking access road; multiple vehicles stranded.,Citizen Report,12,Rejected,Exact,Audio,UNKNOWN,Emergency Services,High,Rejected,2026-09-04 15:04:33.262413+00:00
RPT-00773,2026-09-04 15:55:58.879203+00:00,Industrial Zone,28.585531,77.088628,Evacuation Needed,Residents refusing to evacuate despite imminent structural risk.,Sensor,25,Needs Review,High,,UNKNOWN,Public Works,High,Needs Review,2026-09-04 15:56:23.701889+00:00
RPT-00774,2026-09-04 12:19:07.076772+00:00,East District,28.621004,77.3479,Structural Damage,Partial collapse of boundary wall after last night's storm.,Emergency Call,6,Verified,Medium,Photo,UNKNOWN,Public Works,Medium,Verified,2026-09-04 13:04:37.525548+00:00
RPT-00775,,South District,28.497656,77.186952,Structural Damage,Cracks reported on the exterior walls of the apartment block.,Emergency Call,4,Verified,High,Video,TRUE,Public Works,Medium,Verified,
RPT-00776,2026-09-04 15:51:09.866898+00:00,Central District,28.638124,77.221396,Road Flooding,Emergency vehicles unable to reach destination due to flooded road.,Field Responder,0,Rejected,High,Photo,TRUE,Public Works,Low,Rejected,2026-09-04 15:51:12.739645+00:00
RPT-00777,2026-09-04 10:22:59.455630+00:00,East District,28.6242,77.3629,Road Flooding,Road submerged after heavy rainfall; residents warned to avoid the area.,Citizen Report,10,Rejected,Medium,Audio,TRUE,Emergency Services,Low,Rejected,2026-09-04 11:33:45.435894+00:00
RPT-00778,2026-09-03 01:06:14.255718+00:00,North District,28.733153,77.100511,Medical Emergency,Person found unresponsive; bystanders performing CPR; ambulance en route.,Emergency Call,5,Verified,High,Video,TRUE,Medical Services,Low,Verified,2026-09-03 08:08:12.771163+00:00
RPT-00779,2026-09-04 14:59:29.151496+00:00,Industrial Zone,28.583672,77.059353,Medical Emergency,Caller reports two unconscious individuals at the site.,Department Report,1,Verified,High,,UNKNOWN,Medical Services,Low,Verified,2026-09-04 15:05:39.690971+00:00
RPT-00780,2026-09-03 14:36:49.050257+00:00,South District,28.502517,77.175718,Water Contamination,Sensor alert: pH level outside safe range in distribution main.,Citizen Report,11,Needs Review,Unknown,Audio,TRUE,Emergency Services,Critical,Pending,2026-09-03 19:22:27.025944+00:00
RPT-00781,2026-09-02 11:49:17.112147+00:00,Old Town,28.657228,77.23042,Road Flooding,"Heavy water accumulation reported near the main road, vehicles unable to pass.",Field Responder,7,Rejected,Unknown,,UNKNOWN,Emergency Services,Medium,Rejected,2026-09-02 20:04:16.976301+00:00
RPT-00782,2026-09-04 15:22:10.239298+00:00,Central District,28.637757,77.21167,Road Flooding,"Heavy water accumulation reported near the main road, vehicles unable to pass.",Field Responder,11,Pending,Medium,Audio,TRUE,Disaster Management,Medium,Pending,2026-09-04 15:32:13.600336+00:00
RPT-00783,2026-09-04 15:08:18.188751+00:00,Industrial Zone,28.579369,77.069305,Water Contamination,Illegal industrial discharge suspected to have contaminated water source.,Department Report,2,Verified,Medium,Audio,TRUE,Water Department,Medium,Verified,2026-09-04 15:18:43.245259+00:00
RPT-00784,2026-09-02 18:25:52.756306+00:00,North District,28.759409,77.123298,Water Contamination,Sensor alert: pH level outside safe range in distribution main.,Sensor,14,Rejected,High,Video,TRUE,Public Works,Critical,Rejected,2026-09-02 18:44:31.931053+00:00
RPT-00785,2026-09-04 14:07:19.367500+00:00,Industrial Zone,28.575201,77.067454,Power Outage,Sensor network confirms power failure across the grid sector.,Department Report,2,Verified,Medium,,TRUE,Public Works,Medium,Verified,2026-09-04 14:34:10.792390+00:00
RPT-00786,2026-09-04 13:16:46.064079+00:00,Industrial Zone,28.59187,77.0839,Road Flooding,Low-lying road completely inundated following storm surge.,Citizen Report,1,Needs Review,Low,Photo,TRUE,Disaster Management,Low,Pending,2026-09-04 13:52:19.770014+00:00
RPT-00787,2026-09-04 15:53:30.364495+00:00,Central District,28.632875,77.21509,Power Outage,Substation tripped due to flooding; restoration time unknown.,Sensor,17,Pending,Exact,Video,TRUE,Electricity Department,Medium,Pending,2026-09-04 15:54:21.794908+00:00
RPT-00788,2026-09-02 10:06:17.491690+00:00,South District,28.500716,77.196565,Water Contamination,Residents report discoloured tap water with unusual odour.,Field Responder,15,Verified,Low,Photo,UNKNOWN,Water Department,Critical,Verified,2026-09-02 10:48:42.083261+00:00
RPT-00789,2026-09-04 12:36:19.348807+00:00,Central District,28.634912,77.216497,Power Outage,Multiple residents report loss of electrical power in the neighbourhood.,Sensor,11,Verified,Low,,TRUE,Public Works,,Verified,2026-09-04 13:19:43.561736+00:00
RPT-00790,2026-09-04 15:46:07.710850+00:00,West District,28.634708,76.945088,Road Flooding,Flooding on underpass reported by commuters; immediate attention needed.,Citizen Report,1,Pending,Unknown,Photo,TRUE,Emergency Services,Low,Needs Review,2026-09-04 15:48:28.566200+00:00
RPT-00791,2026-09-04 15:47:12.168700+00:00,South District,28.499564,77.178804,Structural Damage,Multiple reports of ceiling damage in adjacent buildings after tremor.,Field Responder,1,Needs Review,Exact,,TRUE,Emergency Services,Critical,Needs Review,2026-09-04 15:49:51.736410+00:00
RPT-00792,2026-09-04 10:25:52.146984+00:00,Industrial Zone,28.568637,77.084544,Power Outage,Electricity supply disrupted; hospitals on backup generators.,Citizen Report,16,Verified,Medium,Unavailable,UNKNOWN,Public Works,Medium,Verified,2026-09-04 10:48:06.053202+00:00
RPT-00793,2026-09-04 13:02:27.552269+00:00,Industrial Zone,28.594883,77.079902,Structural Damage,Field responder confirms structural cracks on load-bearing column.,Citizen Report,0,Verified,High,Photo,FALSE,Emergency Services,Medium,Verified,2026-09-04 13:23:30.789874+00:00
RPT-00794,2026-09-03 20:21:30.721974+00:00,Industrial Zone,28.585955,77.073471,Medical Emergency,Injured person found in flooded basement; rescue and medical support needed.,Citizen Report,2,Verified,Medium,Photo,TRUE,Emergency Services,Low,Verified,2026-09-03 21:38:01.066122+00:00
RPT-00795,2026-09-04 10:19:48.809750+00:00,Riverside,28.674086,77.265568,Water Contamination,Pipe burst near waste facility; contamination risk flagged by engineers.,Field Responder,3,Verified,Medium,Video,TRUE,Public Works,High,Verified,2026-09-04 11:56:28.388357+00:00
RPT-00796,2026-09-04 13:58:39.259968+00:00,West District,28.631202,76.967899,Structural Damage,Partial collapse of boundary wall after last night's storm.,Emergency Call,0,Pending,High,,TRUE,Public Works,High,Needs Review,2026-09-04 14:22:48.366194+00:00
RPT-00797,2026-09-04 15:44:00.120724+00:00,West District,28.644078,76.95708,Evacuation Needed,Rising floodwater threatening neighbourhood; evacuation in progress.,Department Report,24,Pending,Low,Photo,TRUE,Disaster Management,High,Pending,2026-09-04 15:44:12.401939+00:00
RPT-00798,2026-09-04 15:23:32.271693+00:00,West District,28.639188,76.924845,Power Outage,Repeated fluctuations followed by complete outage; residents concerned.,Department Report,20,Rejected,Medium,,TRUE,Emergency Services,Low,Rejected,2026-09-04 15:26:34.568349+00:00
RPT-00799,2026-09-01 17:31:28.909912+00:00,East District,28.611505,77.356263,Structural Damage,Partial collapse of boundary wall after last night's storm.,Department Report,7,Pending,High,Unavailable,FALSE,Disaster Management,Critical,Needs Review,2026-09-02 07:33:01.578377+00:00
RPT-00800,2026-09-04 11:39:40.637487+00:00,North District,28.756449,77.128845,Road Flooding,"Heavy water accumulation reported near the main road, vehicles unable to pass.",Sensor,11,Rejected,Medium,,TRUE,Public Works,High,Rejected,2026-09-04 12:14:12.082992+00:00
RPT-00801,2026-09-04 15:42:54.619075+00:00,Riverside,28.678938,77.25827,Water Contamination,Multiple residents hospitalised with gastrointestinal symptoms after water consumption.,Citizen Report,5,Verified,Exact,,UNKNOWN,Public Works,Critical,Verified,2026-09-04 15:46:57.083179+00:00
RPT-00802,2026-09-03 21:16:31.445339+00:00,Central District,28.626488,77.201069,Power Outage,Repeated fluctuations followed by complete outage; residents concerned.,Sensor,20,Verified,Low,Photo,TRUE,Electricity Department,Medium,Verified,2026-09-03 22:50:43.278080+00:00
RPT-00803,2026-09-04 15:38:38.490080+00:00,West District,28.630109,76.917259,Power Outage,Emergency vehicles unable to reach destination due to flooded road.,Citizen Report,5,Needs Review,High,Video,FALSE,Emergency Services,Medium,Pending,2026-09-04 15:43:25.649805+00:00
RPT-00804,2026-09-04 15:14:28.141064+00:00,Industrial Zone,28.571519,77.088753,Medical Emergency,Emergency call received about a person trapped and showing signs of distress.,Field Responder,3,Verified,High,Photo,TRUE,Emergency Services,Low,Verified,2026-09-04 15:16:55.596680+00:00
RPT-00805,2026-09-04 13:00:04.132322+00:00,South District,28.507554,77.155056,Medical Emergency,Elderly resident collapsed; ambulance requested immediately.,Department Report,20,Needs Review,Exact,Unavailable,TRUE,Medical Services,,Pending,2026-09-04 13:04:42.338153+00:00
RPT-00806,2026-09-03 21:42:03.570707+00:00,South District,28.507794,77.193996,Evacuation Needed,Rising floodwater threatening neighbourhood; evacuation in progress.,Citizen Report,4,Pending,High,,UNKNOWN,Public Works,High,Pending,2026-09-04 01:37:58.764919+00:00
RPT-00807,2026-09-04 14:30:56.341261+00:00,West District,28.643095,76.951257,Structural Damage,Possible structural damage observed near a residential building following tremors.,Citizen Report,7,Verified,High,,TRUE,Emergency Services,Medium,Verified,2026-09-04 14:53:15.323083+00:00
RPT-00808,2026-09-04 13:57:46.668465+00:00,North District,28.773735,77.135556,Evacuation Needed,Neighbourhood cordoned off; evacuation underway with police assistance.,Emergency Call,25,Needs Review,Exact,Photo,TRUE,Public Works,High,Needs Review,2026-09-04 14:03:35.041533+00:00
RPT-00809,2026-09-04 05:57:44.160016+00:00,Central District,28.630904,77.225961,Medical Emergency,Mass casualty event suspected following building partial collapse.,Field Responder,1,Pending,Exact,Audio,TRUE,Emergency Services,Low,Pending,2026-09-04 08:13:34.296605+00:00
RPT-00810,2026-09-03 09:29:58.794998+00:00,North District,28.764829,77.11743,Medical Emergency,Caller reports two unconscious individuals at the site.,Field Responder,5,Pending,High,Unavailable,TRUE,Medical Services,Low,Needs Review,2026-09-03 12:14:32.484928+00:00
RPT-00811,2026-09-03 04:06:19.030497+00:00,West District,28.640671,76.956058,Water Contamination,Sensor alert: pH level outside safe range in distribution main.,Citizen Report,15,Pending,Low,Unavailable,TRUE,Emergency Services,High,Needs Review,2026-09-03 05:37:59.220359+00:00
RPT-00812,2026-09-03 19:37:38.421251+00:00,East District,28.621867,77.34048,Road Flooding,Residents report rapidly rising water levels along the service road.,Citizen Report,12,Needs Review,High,,TRUE,Public Works,Medium,Needs Review,2026-09-03 19:43:38.123852+00:00
RPT-00813,2026-09-04 10:32:33.147016+00:00,West District,28.64791,76.951355,Power Outage,Multiple residents report loss of electrical power in the neighbourhood.,Department Report,17,Verified,Medium,Unavailable,TRUE,Electricity Department,,Verified,2026-09-04 11:19:58.688760+00:00
RPT-00814,,South District,28.514969,77.17453,Road Flooding,Road submerged after heavy rainfall; residents warned to avoid the area.,Field Responder,7,Pending,Medium,Video,TRUE,Public Works,High,Needs Review,
RPT-00815,2026-09-04 15:50:13.774678+00:00,Industrial Zone,28.572563,77.072322,Power Outage,Power lines down across the main avenue; risk of electrocution.,Emergency Call,6,Verified,Medium,Photo,UNKNOWN,Emergency Services,Low,Verified,2026-09-04 15:51:04.111283+00:00
RPT-00816,2026-09-04 15:08:08.598728+00:00,West District,28.654585,76.938454,Water Contamination,Multiple residents hospitalised with gastrointestinal symptoms after water consumption.,Field Responder,13,Verified,Unknown,Video,TRUE,Medical Services,Critical,Verified,2026-09-04 15:17:24.260254+00:00
RPT-00817,2026-09-04 11:32:18.708284+00:00,West District,28.642346,76.943022,Evacuation Needed,Mass evacuation of high-rise building due to fire and smoke.,Sensor,15,Needs Review,High,Audio,TRUE,Disaster Management,High,Needs Review,2026-09-04 12:43:02.321174+00:00
RPT-00818,2026-09-04 13:21:52.014237+00:00,Central District,28.628647,77.212609,Structural Damage,Field responder confirms structural cracks on load-bearing column.,Field Responder,0,Verified,High,Unavailable,UNKNOWN,Public Works,Critical,Verified,2026-09-04 13:34:33.345864+00:00
RPT-00819,2026-09-03 15:18:24.538094+00:00,West District,28.645177,76.937127,Power Outage,Widespread outage affecting critical facilities including water treatment plant.,Emergency Call,3,Verified,High,Unavailable,TRUE,Public Works,Medium,Verified,2026-09-03 21:09:08.066012+00:00
RPT-00820,2026-09-04 13:19:15.655848+00:00,Central District,28.629769,77.224452,Road Flooding,Flooding on underpass reported by commuters; immediate attention needed.,Citizen Report,7,Needs Review,Exact,Photo,TRUE,Public Works,Medium,Needs Review,2026-09-04 13:40:16.188302+00:00
RPT-00821,2026-09-02 21:28:44.295985+00:00,Old Town,28.65378,77.239268,Power Outage,Transformer explosion reported; area in complete darkness.,Citizen Report,12,Rejected,Exact,Photo,TRUE,Emergency Services,,Rejected,2026-09-03 02:10:41.259002+00:00
RPT-00822,2026-09-04 06:15:44.003021+00:00,North District,28.740057,77.107471,Medical Emergency,Multiple casualties reported at scene; medical teams needed urgently.,Citizen Report,2,Verified,High,Audio,TRUE,Medical Services,Low,Verified,2026-09-04 08:20:47.827831+00:00
RPT-00823,2026-09-04 11:46:06.541180+00:00,East District,28.625642,77.359911,Road Flooding,Low-lying road completely inundated following storm surge.,Citizen Report,1,Verified,High,Photo,UNKNOWN,Emergency Services,Medium,Verified,2026-09-04 12:25:35.406066+00:00
RPT-00824,2026-09-04 11:09:35.201181+00:00,South District,28.504293,77.167964,Evacuation Needed,Mandatory evacuation ordered for low-lying residential blocks.,Field Responder,23,Verified,Exact,,TRUE,Emergency Services,High,Verified,2026-09-04 11:50:51.138128+00:00
RPT-00825,2026-09-02 11:56:19.305639+00:00,East District,28.624177,77.348463,Structural Damage,Possible structural damage observed near a residential building following tremors.,Citizen Report,6,Needs Review,High,Video,TRUE,Disaster Management,Critical,Pending,2026-09-02 20:31:15.130016+00:00
RPT-00826,2026-09-04 15:47:31.233252+00:00,West District,28.641195,76.961533,Road Flooding,Standing water blocking access road; multiple vehicles stranded.,Emergency Call,2,Verified,Unknown,Photo,TRUE,Emergency Services,High,Verified,2026-09-04 15:49:16.779994+00:00
RPT-00827,2026-09-04 12:10:00.319491+00:00,Industrial Zone,28.582592,77.084983,Evacuation Needed,Evacuation order issued for industrial zone due to hazardous spill.,Sensor,11,Verified,Medium,,FALSE,Emergency Services,Critical,Verified,2026-09-04 13:15:53.271856+00:00
RPT-00828,2026-09-03 10:07:37.199871+00:00,East District,28.626017,77.356439,Structural Damage,Building foundation appears compromised; residents evacuated as precaution.,Field Responder,4,Needs Review,High,Photo,UNKNOWN,Disaster Management,Critical,Needs Review,2026-09-03 10:36:48.252864+00:00
RPT-00829,2026-09-04 10:56:00.580621+00:00,West District,28.633126,76.9494,Power Outage,Sensor network confirms power failure across the grid sector.,Sensor,14,Verified,Medium,,TRUE,Electricity Department,Low,Verified,2026-09-04 12:19:08.352394+00:00
RPT-00830,2026-09-04 13:18:39.529443+00:00,West District,28.643366,76.952234,Power Outage,Power lines down across the main avenue; risk of electrocution.,Sensor,2,Verified,High,,TRUE,Electricity Department,Low,Verified,2026-09-04 13:21:12.057932+00:00
RPT-00831,2026-09-02 05:06:43.865170+00:00,Riverside,28.673692,77.27287,Medical Emergency,Medical assistance reportedly required near the intersection.,Emergency Call,1,Verified,Exact,Video,UNKNOWN,Medical Services,Low,Verified,2026-09-02 08:43:29.094237+00:00
RPT-00832,2026-09-03 19:43:39.148536+00:00,East District,28.623381,77.350382,Medical Emergency,Mass casualty event suspected following building partial collapse.,Sensor,5,Needs Review,High,Photo,TRUE,Emergency Services,,Needs Review,2026-09-03 22:08:21.040683+00:00
RPT-00833,2026-09-04 15:52:51.378869+00:00,Old Town,28.644008,77.238429,Medical Emergency,Injured person found in flooded basement; rescue and medical support needed.,Department Report,5,Verified,Exact,,UNKNOWN,Emergency Services,Low,Verified,2026-09-04 15:53:55.409087+00:00
RPT-00834,2026-09-04 14:15:45.645596+00:00,North District,28.763307,77.103732,Road Flooding,Flooding on underpass reported by commuters; immediate attention needed.,Sensor,11,Needs Review,Exact,Audio,TRUE,Public Works,High,Pending,2026-09-04 14:32:17.426940+00:00
RPT-00835,2026-09-03 01:18:40.407968+00:00,East District,28.615089,77.362895,Power Outage,Transformer explosion reported; area in complete darkness.,Citizen Report,13,Needs Review,Low,,UNKNOWN,Public Works,Low,Needs Review,2026-09-03 07:35:48.582828+00:00
RPT-00836,2026-09-02 16:41:41.221535+00:00,Central District,28.634044,77.215233,Road Flooding,Drainage overflow causing road flooding; pedestrian safety at risk.,Emergency Call,2,Pending,Exact,,TRUE,Disaster Management,High,Needs Review,2026-09-03 01:11:00.286091+00:00
RPT-00837,2026-09-04 12:55:48.217915+00:00,East District,28.626199,77.339489,Water Contamination,Possible sewage intrusion into potable water supply reported.,Department Report,9,Verified,High,Unavailable,TRUE,Emergency Services,Medium,Verified,2026-09-04 13:25:42.888384+00:00
RPT-00838,2026-09-04 02:55:29.178223+00:00,Riverside,28.666458,77.270362,Water Contamination,Illegal industrial discharge suspected to have contaminated water source.,Citizen Report,10,Verified,Low,Audio,TRUE,Emergency Services,Medium,Verified,2026-09-04 05:25:38.077738+00:00
RPT-00839,2026-09-04 10:38:52.804899+00:00,West District,28.636434,76.929325,Water Contamination,Water samples show elevated turbidity following pipeline damage.,Emergency Call,12,Rejected,Low,,TRUE,Public Works,Medium,Rejected,2026-09-04 11:30:35.566413+00:00
RPT-00840,2026-09-04 14:59:37.239967+00:00,North District,28.758331,77.121022,Structural Damage,Roof section collapsed on commercial premises; no injuries reported yet.,Field Responder,7,Rejected,Exact,Photo,TRUE,Public Works,High,Rejected,2026-09-04 15:11:37.159461+00:00
RPT-00841,2026-09-04 14:52:12.480890+00:00,West District,28.636314,76.963111,Power Outage,Repeated fluctuations followed by complete outage; residents concerned.,Citizen Report,3,Verified,High,Unavailable,TRUE,Emergency Services,Low,Verified,2026-09-04 15:07:42.034053+00:00
RPT-00842,2026-09-04 14:14:43.175676+00:00,Riverside,28.675771,77.267135,Medical Emergency,Elderly resident collapsed; ambulance requested immediately.,Emergency Call,3,Verified,Exact,Photo,TRUE,Emergency Services,,Verified,2026-09-04 14:34:04.696572+00:00
RPT-00843,2026-09-04 14:11:21.029936+00:00,Riverside,28.670623,77.28723,Water Contamination,Blue-green algae bloom observed in reservoir; water supply may be affected.,Sensor,10,Verified,Medium,Video,TRUE,Emergency Services,Medium,Verified,2026-09-04 14:36:05.033644+00:00
RPT-00844,2026-09-04 10:32:04.952171+00:00,East District,28.607965,77.353544,Evacuation Needed,Neighbourhood cordoned off; evacuation underway with police assistance.,Citizen Report,25,Verified,High,Unavailable,TRUE,Disaster Management,High,Verified,2026-09-04 10:35:57.773457+00:00
RPT-00845,2026-09-04 15:54:11.735046+00:00,East District,28.623136,77.349215,Road Flooding,Emergency vehicles unable to reach destination due to flooded road.,Sensor,12,Needs Review,Medium,,UNKNOWN,Public Works,Medium,Needs Review,2026-09-04 15:54:32.139271+00:00
RPT-00846,2026-09-04 08:35:36.410071+00:00,Old Town,28.659189,77.21638,Structural Damage,Field responder confirms structural cracks on load-bearing column.,Field Responder,0,Verified,High,Photo,TRUE,Public Works,Medium,Verified,2026-09-04 09:45:08.360271+00:00
RPT-00847,2026-09-04 12:58:33.604857+00:00,Industrial Zone,28.574257,77.081172,Road Flooding,Road submerged after heavy rainfall; residents warned to avoid the area.,Field Responder,4,Pending,Low,,TRUE,Public Works,Low,Needs Review,2026-09-04 13:48:12.767466+00:00
RPT-00848,2026-09-04 15:56:20.364879+00:00,South District,28.486641,77.172405,Structural Damage,Roof section collapsed on commercial premises; no injuries reported yet.,Emergency Call,7,Pending,Medium,,TRUE,Disaster Management,High,Pending,2026-09-04 15:56:32.511715+00:00
RPT-00849,2026-09-04 14:51:29.693302+00:00,Industrial Zone,28.582526,77.080218,Water Contamination,Illegal industrial discharge suspected to have contaminated water source.,Sensor,9,Pending,Unknown,,TRUE,Medical Services,Critical,Pending,2026-09-04 14:55:41.254453+00:00
RPT-00850,,South District,28.505944,77.193455,Structural Damage,Cracks reported on the exterior walls of the apartment block.,Department Report,8,Pending,High,Photo,TRUE,Disaster Management,Medium,Pending,
RPT-00851,2026-09-01 20:31:02.821481+00:00,Industrial Zone,28.583648,77.072953,Structural Damage,Multiple reports of ceiling damage in adjacent buildings after tremor.,Field Responder,0,Pending,High,Video,TRUE,Public Works,High,Needs Review,2026-09-02 04:25:21.489903+00:00
RPT-00852,2026-09-04 13:49:30.983297+00:00,East District,28.600622,77.353158,Structural Damage,Cracks reported on the exterior walls of the apartment block.,Department Report,8,Verified,High,Unavailable,UNKNOWN,Public Works,Critical,Verified,2026-09-04 13:52:03.123490+00:00
RPT-00853,2026-09-04 11:59:52.004917+00:00,North District,28.743179,77.128769,Structural Damage,Multiple reports of ceiling damage in adjacent buildings after tremor.,Emergency Call,5,Rejected,Medium,Video,UNKNOWN,Disaster Management,Critical,Rejected,2026-09-04 12:53:44.089605+00:00
RPT-00854,2026-09-04 13:02:15.216969+00:00,East District,28.61657,77.350837,Water Contamination,Water department confirms contamination in sector; do-not-drink advisory issued.,Field Responder,11,Needs Review,Unknown,Video,UNKNOWN,Water Department,High,Pending,2026-09-04 13:50:49.396593+00:00
RPT-00855,2026-09-01 23:10:21.371036+00:00,West District,28.63603,76.956966,Evacuation Needed,Mass evacuation of high-rise building due to fire and smoke.,Emergency Call,22,Verified,Low,Unavailable,FALSE,Disaster Management,Critical,Verified,2026-09-02 01:52:45.018666+00:00
RPT-00856,2026-09-04 14:18:59.491402+00:00,Riverside,28.668819,77.262596,Water Contamination,Possible sewage intrusion into potable water supply reported.,Department Report,12,Pending,Unknown,Unavailable,FALSE,Public Works,Medium,Needs Review,2026-09-04 14:43:23.464435+00:00
RPT-00857,,Riverside,28.670126,77.276903,Medical Emergency,Severe trauma case reported by field responder; air evacuation may be needed.,Field Responder,2,Verified,Medium,Unavailable,TRUE,Emergency Services,,Verified,
RPT-00858,2026-09-04 15:50:31.208499+00:00,South District,28.508732,77.205953,Road Flooding,Emergency vehicles unable to reach destination due to flooded road.,Sensor,8,Verified,Unknown,,TRUE,Disaster Management,Medium,Verified,2026-09-04 15:52:24.575782+00:00
RPT-00859,2026-09-04 15:45:47.424254+00:00,Industrial Zone,28.578474,77.084453,Medical Emergency,Medical assistance reportedly required near the intersection.,Emergency Call,2,Needs Review,Exact,Video,TRUE,Medical Services,,Pending,2026-09-04 15:47:12.337864+00:00
RPT-00860,2026-09-01 20:42:38.619281+00:00,North District,28.759059,77.120674,Evacuation Needed,Evacuation shelters at capacity; additional sites urgently required.,Sensor,10,Verified,Medium,,TRUE,Disaster Management,High,Verified,2026-09-02 03:50:32.555232+00:00
RPT-00861,2026-09-04 15:16:05.129460+00:00,Riverside,28.67019,77.266327,Evacuation Needed,Evacuation shelters at capacity; additional sites urgently required.,Citizen Report,21,Pending,High,Photo,UNKNOWN,Emergency Services,High,Needs Review,2026-09-04 15:21:03.958902+00:00
RPT-00862,2026-09-03 06:59:08.320758+00:00,East District,28.625629,77.345994,Structural Damage,Partial collapse of boundary wall after last night's storm.,Field Responder,6,Verified,Medium,Photo,TRUE,Emergency Services,Critical,Verified,2026-09-03 11:22:39.612256+00:00
RPT-00863,2026-09-02 17:54:58.929862+00:00,Industrial Zone,28.592126,77.082159,Medical Emergency,Elderly resident collapsed; ambulance requested immediately.,Emergency Call,0,Verified,Medium,Photo,TRUE,Emergency Services,Low,Verified,2026-09-02 23:04:00.749979+00:00
RPT-00864,2026-09-01 18:32:44.498421+00:00,Industrial Zone,28.583594,77.087801,Water Contamination,Pipe burst near waste facility; contamination risk flagged by engineers.,Department Report,4,Needs Review,Medium,Video,TRUE,Emergency Services,High,Needs Review,2026-09-02 08:50:20.858474+00:00
RPT-00865,2026-09-04 04:02:40.233997+00:00,South District,28.482858,77.186364,Water Contamination,Multiple residents hospitalised with gastrointestinal symptoms after water consumption.,Field Responder,1,Verified,Medium,Audio,FALSE,Medical Services,High,Verified,2026-09-04 04:57:17.756327+00:00
RPT-00866,2026-09-04 03:51:07.421989+00:00,Old Town,28.656843,77.233536,Power Outage,Multiple residents report loss of electrical power in the neighbourhood.,Emergency Call,13,Pending,Exact,Unavailable,TRUE,Electricity Department,Low,Pending,2026-09-04 06:22:31.417293+00:00
RPT-00867,2026-09-04 15:56:09.213184+00:00,Central District,28.625217,77.221935,Evacuation Needed,Residents refusing to evacuate despite imminent structural risk.,Citizen Report,12,Pending,Exact,,TRUE,Emergency Services,Critical,Pending,2026-09-04 15:56:48.490499+00:00
RPT-00868,2026-09-02 21:25:19.120816+00:00,Industrial Zone,28.584175,77.076038,Medical Emergency,Multiple casualties reported at scene; medical teams needed urgently.,Emergency Call,2,Needs Review,Exact,Unavailable,TRUE,Medical Services,,Needs Review,2026-09-03 02:07:43.773510+00:00
RPT-00869,2026-09-04 10:33:46.010622+00:00,West District,28.641632,76.941363,Structural Damage,Multiple reports of ceiling damage in adjacent buildings after tremor.,Field Responder,0,Verified,Exact,Video,TRUE,Disaster Management,Critical,Verified,2026-09-04 10:57:13.301399+00:00
RPT-00870,2026-09-04 14:46:24.118838+00:00,Central District,28.623573,77.222063,Evacuation Needed,Chemical leak nearby necessitates immediate area evacuation.,Field Responder,5,Rejected,Exact,Photo,TRUE,Public Works,High,Rejected,2026-09-04 14:56:46.171489+00:00
RPT-00871,2026-09-04 01:37:01.558556+00:00,Industrial Zone,28.586181,77.073653,Water Contamination,Water samples show elevated turbidity following pipeline damage.,Emergency Call,9,Rejected,Unknown,Video,TRUE,Emergency Services,High,Rejected,2026-09-04 01:46:25.229523+00:00
RPT-00872,2026-09-04 14:20:33.191102+00:00,Central District,28.639718,77.231501,Power Outage,Sensor network confirms power failure across the grid sector.,Citizen Report,12,Verified,Medium,Video,FALSE,Public Works,,Verified,2026-09-04 14:42:14.958623+00:00
RPT-00873,2026-09-04 10:25:09.823566+00:00,East District,28.615981,77.343169,Water Contamination,Sensor alert: pH level outside safe range in distribution main.,Department Report,5,Verified,High,Photo,TRUE,Public Works,High,Verified,2026-09-04 11:11:16.599042+00:00
RPT-00874,2026-09-04 14:15:43.251488+00:00,East District,28.634446,77.33636,Structural Damage,Possible structural damage observed near a residential building following tremors.,Citizen Report,6,Pending,Exact,Video,TRUE,Emergency Services,High,Needs Review,2026-09-04 14:32:28.206171+00:00
RPT-00875,2026-09-04 15:53:39.320648+00:00,South District,28.496063,77.186294,Medical Emergency,Medical assistance reportedly required near the intersection.,Department Report,5,Verified,Exact,Audio,TRUE,Medical Services,,Verified,2026-09-04 15:54:10.586110+00:00
RPT-00876,2026-09-04 10:57:11.447651+00:00,Old Town,28.652558,77.234376,Power Outage,Substation tripped due to flooding; restoration time unknown.,Department Report,15,Needs Review,High,,TRUE,Public Works,Low,Needs Review,2026-09-04 11:42:41.242751+00:00
RPT-00877,2026-09-04 15:52:23.525804+00:00,Riverside,28.667707,77.264532,Medical Emergency,Injured person found in flooded basement; rescue and medical support needed.,Field Responder,4,Verified,High,Audio,TRUE,Medical Services,,Verified,2026-09-04 15:53:41.513423+00:00
RPT-00878,2026-09-04 13:41:04.462415+00:00,Industrial Zone,28.584563,77.062639,Structural Damage,Partial collapse of boundary wall after last night's storm.,Emergency Call,1,Pending,Medium,,TRUE,Public Works,Medium,Pending,2026-09-04 14:00:09.708488+00:00
RPT-00879,2026-09-03 12:07:45.617365+00:00,South District,28.509723,77.186412,Medical Emergency,Severe trauma case reported by field responder; air evacuation may be needed.,Field Responder,4,Verified,High,Unavailable,UNKNOWN,Emergency Services,Low,Verified,2026-09-03 17:40:43.889987+00:00
RPT-00880,2026-09-04 11:03:06.559312+00:00,Central District,28.633601,77.20697,Water Contamination,Pipe burst near waste facility; contamination risk flagged by engineers.,Department Report,5,Verified,High,Photo,TRUE,Emergency Services,High,Verified,2026-09-04 11:38:47.015374+00:00
RPT-00881,2026-09-04 11:40:57.495741+00:00,South District,28.505711,77.166353,Power Outage,Power lines down across the main avenue; risk of electrocution.,Sensor,19,Verified,Low,,TRUE,Electricity Department,,Verified,2026-09-04 12:03:55.556065+00:00
RPT-00882,2026-09-04 02:08:45.551522+00:00,South District,28.503566,77.152944,Medical Emergency,Caller reports two unconscious individuals at the site.,Emergency Call,3,Verified,Medium,Photo,TRUE,Emergency Services,,Verified,2026-09-04 03:07:18.909829+00:00
RPT-00883,2026-09-04 15:55:42.259689+00:00,West District,28.627107,76.960906,Medical Emergency,Medical assistance reportedly required near the intersection.,Field Responder,4,Verified,High,Audio,TRUE,Emergency Services,,Verified,2026-09-04 15:56:30.031347+00:00
RPT-00884,2026-09-02 11:44:59.855956+00:00,Old Town,28.66392,77.221527,Medical Emergency,Elderly resident collapsed; ambulance requested immediately.,Citizen Report,0,Needs Review,Exact,,TRUE,Emergency Services,,Needs Review,2026-09-02 22:10:48.813325+00:00
RPT-00885,2026-09-04 11:29:13.879842+00:00,South District,28.51283,77.183844,Power Outage,Street lighting out; increased security risk in affected area.,Sensor,14,Pending,High,Unavailable,TRUE,Electricity Department,,Needs Review,2026-09-04 12:11:28.926896+00:00
RPT-00886,2026-09-02 12:05:05.820967+00:00,Old Town,28.652074,77.227119,Road Flooding,Flooding on underpass reported by commuters; immediate attention needed.,Field Responder,11,Needs Review,Exact,Photo,UNKNOWN,Disaster Management,Low,Pending,2026-09-03 00:41:31.597490+00:00
RPT-00887,2026-09-04 15:56:03.271789+00:00,Central District,28.623722,77.207931,Power Outage,Substation tripped due to flooding; restoration time unknown.,Citizen Report,8,Pending,Medium,,FALSE,Emergency Services,Low,Pending,2026-09-04 15:56:55.780287+00:00
RPT-00888,2026-09-04 14:52:14.806898+00:00,East District,28.621847,77.35315,Medical Emergency,Multiple casualties reported at scene; medical teams needed urgently.,Field Responder,3,Needs Review,High,Video,UNKNOWN,Emergency Services,Low,Pending,2026-09-04 14:52:54.205736+00:00
RPT-00889,2026-09-02 08:45:37.318525+00:00,South District,28.518283,77.186963,Power Outage,Transformer explosion reported; area in complete darkness.,Department Report,14,Pending,Exact,Video,TRUE,Public Works,Low,Needs Review,2026-09-02 20:28:20.017462+00:00
RPT-00890,2026-09-04 10:07:14.443459+00:00,East District,28.633974,77.350817,Evacuation Needed,Residents refusing to evacuate despite imminent structural risk.,Emergency Call,7,Pending,High,Audio,TRUE,Disaster Management,Critical,Pending,2026-09-04 11:42:25.496227+00:00
RPT-00891,2026-09-04 14:32:46.551527+00:00,Riverside,28.668274,77.259547,Road Flooding,Drainage overflow causing road flooding; pedestrian safety at risk.,Emergency Call,12,Needs Review,Low,Video,TRUE,Public Works,Medium,Needs Review,2026-09-04 14:51:22.328092+00:00
RPT-00892,2026-09-04 10:46:53.673815+00:00,West District,28.622043,76.959724,Medical Emergency,Mass casualty event suspected following building partial collapse.,Emergency Call,2,Verified,High,Photo,TRUE,Emergency Services,,Verified,2026-09-04 11:31:01.833638+00:00
RPT-00893,2026-09-04 13:55:54.440791+00:00,West District,28.653443,76.941182,Evacuation Needed,Evacuation shelters at capacity; additional sites urgently required.,Department Report,10,Verified,Medium,Audio,TRUE,Disaster Management,High,Verified,2026-09-04 14:04:13.800988+00:00
RPT-00894,2026-09-04 11:48:45.248925+00:00,West District,28.633233,76.956394,Medical Emergency,Elderly resident collapsed; ambulance requested immediately.,Emergency Call,4,Verified,Medium,Video,TRUE,Medical Services,Low,Verified,2026-09-04 12:29:52.786216+00:00
RPT-00895,2026-09-03 22:47:36.367685+00:00,Riverside,28.67258,77.277866,Medical Emergency,Emergency call received about a person trapped and showing signs of distress.,Emergency Call,3,Pending,Exact,Photo,UNKNOWN,Emergency Services,,Pending,2026-09-04 00:17:52.390647+00:00
RPT-00896,2026-09-04 15:45:22.839568+00:00,West District,28.639011,76.94061,Medical Emergency,Emergency call received about a person trapped and showing signs of distress.,Field Responder,0,Needs Review,Exact,Video,UNKNOWN,Medical Services,,Needs Review,2026-09-04 15:48:00.590396+00:00
RPT-00897,2026-09-04 15:32:16.355416+00:00,Old Town,28.652044,77.236027,Road Flooding,Waterlogging observed along the central corridor; traffic diverted.,Field Responder,10,Verified,Unknown,,UNKNOWN,Public Works,Medium,Verified,2026-09-04 15:33:34.665237+00:00
RPT-00898,2026-09-04 13:57:52.129792+00:00,North District,28.761794,77.111133,Power Outage,Transformer explosion reported; area in complete darkness.,Sensor,7,Needs Review,Exact,,TRUE,Electricity Department,Low,Needs Review,2026-09-04 14:24:55.209396+00:00
RPT-00899,,South District,28.50609,77.160576,Medical Emergency,Injured person found in flooded basement; rescue and medical support needed.,Citizen Report,4,Verified,High,Audio,TRUE,Medical Services,Low,Verified,
RPT-00900,2026-09-03 09:21:41.260197+00:00,Old Town,28.649771,77.235598,Medical Emergency,Medical assistance reportedly required near the intersection.,Emergency Call,0,Verified,Exact,,TRUE,Emergency Services,,Verified,2026-09-03 12:28:10.879815+00:00
RPT-00901,2026-09-04 02:02:42.821567+00:00,South District,28.50299,77.184023,Medical Emergency,Child with respiratory symptoms reported; possible exposure to contaminant.,Department Report,3,Verified,Exact,Unavailable,TRUE,Medical Services,Low,Verified,2026-09-04 05:25:38.232010+00:00
RPT-00902,2026-09-01 17:10:56.826380+00:00,Industrial Zone,28.57616,77.096763,Evacuation Needed,Families stranded; evacuation routes blocked by debris.,Citizen Report,0,Needs Review,Exact,,TRUE,Public Works,Critical,Needs Review,2026-09-02 13:53:03.828786+00:00
RPT-00903,2026-09-04 15:55:14.108302+00:00,Central District,28.628849,77.221017,Water Contamination,Water department confirms contamination in sector; do-not-drink advisory issued.,Citizen Report,15,Verified,Exact,Video,TRUE,Water Department,Medium,Verified,2026-09-04 15:56:12.586647+00:00
RPT-00904,2026-09-02 04:23:05.425656+00:00,East District,28.610625,77.343898,Road Flooding,Emergency vehicles unable to reach destination due to flooded road.,Citizen Report,12,Verified,Low,Photo,TRUE,Emergency Services,Medium,Verified,2026-09-02 14:11:38.080280+00:00
RPT-00905,2026-09-04 15:55:54.272270+00:00,Central District,28.637309,77.213494,Evacuation Needed,Neighbourhood cordoned off; evacuation underway with police assistance.,Sensor,5,Needs Review,High,Audio,TRUE,Disaster Management,Critical,Needs Review,2026-09-04 15:56:51.211300+00:00
RPT-00906,2026-09-04 11:40:22.325826+00:00,Old Town,28.656789,77.224299,Road Flooding,"Heavy water accumulation reported near the main road, vehicles unable to pass.",Citizen Report,12,Needs Review,Medium,Video,TRUE,Disaster Management,High,Pending,2026-09-04 12:47:04.836716+00:00
RPT-00907,2026-09-04 14:56:48.889439+00:00,East District,28.629748,77.371959,Water Contamination,Sensor alert: pH level outside safe range in distribution main.,Emergency Call,9,Needs Review,Low,Photo,TRUE,Water Department,Critical,Needs Review,2026-09-04 15:07:52.542904+00:00
RPT-00908,2026-09-04 14:38:23.032767+00:00,Central District,28.626589,77.226758,Evacuation Needed,Rising floodwater threatening neighbourhood; evacuation in progress.,Sensor,22,Needs Review,Medium,Audio,FALSE,Disaster Management,High,Needs Review,2026-09-04 14:38:25.086703+00:00
RPT-00909,2026-09-04 15:55:51.165738+00:00,Central District,28.627164,77.210217,Structural Damage,Building foundation appears compromised; residents evacuated as precaution.,Department Report,0,Verified,High,Photo,TRUE,Public Works,Critical,Verified,2026-09-04 15:56:14.848864+00:00
RPT-00910,2026-09-04 14:58:46.045974+00:00,North District,28.740808,77.10444,Road Flooding,Standing water blocking access road; multiple vehicles stranded.,Citizen Report,7,Pending,Low,,UNKNOWN,Emergency Services,Low,Pending,2026-09-04 15:10:16.583258+00:00
RPT-00911,2026-09-04 14:19:53.368614+00:00,East District,28.622003,77.358993,Structural Damage,House wall leaning dangerously; occupants requested to vacate premises.,Field Responder,0,Verified,High,Unavailable,TRUE,Emergency Services,High,Verified,2026-09-04 14:44:09.685834+00:00
RPT-00912,2026-09-04 14:34:17.369974+00:00,Industrial Zone,28.584555,77.08463,Structural Damage,Roof section collapsed on commercial premises; no injuries reported yet.,Citizen Report,7,Needs Review,High,Video,TRUE,Emergency Services,Medium,Needs Review,2026-09-04 14:45:25.827344+00:00
RPT-00913,2026-09-04 13:22:12.577840+00:00,Central District,28.632259,77.224777,Medical Emergency,Child with respiratory symptoms reported; possible exposure to contaminant.,Emergency Call,1,Rejected,High,,TRUE,Emergency Services,Low,Rejected,2026-09-04 13:34:38.073705+00:00
RPT-00914,2026-09-04 14:01:22.767594+00:00,South District,28.497998,77.197421,Water Contamination,Pipe burst near waste facility; contamination risk flagged by engineers.,Citizen Report,15,Needs Review,High,Unavailable,TRUE,Water Department,Critical,Pending,2026-09-04 14:33:40.032909+00:00
RPT-00915,2026-09-04 14:25:00.645759+00:00,East District,28.60467,77.330221,Evacuation Needed,Chemical leak nearby necessitates immediate area evacuation.,Field Responder,21,Verified,High,Photo,TRUE,Disaster Management,Critical,Verified,2026-09-04 14:44:53.450971+00:00
RPT-00916,2026-09-04 14:11:52.027491+00:00,West District,28.631784,76.939222,Power Outage,Power lines down across the main avenue; risk of electrocution.,Emergency Call,17,Verified,Medium,Unavailable,UNKNOWN,Electricity Department,Low,Verified,2026-09-04 14:23:06.972771+00:00
RPT-00917,,West District,28.630671,76.955414,Medical Emergency,Elderly resident collapsed; ambulance requested immediately.,Emergency Call,0,Verified,High,,TRUE,Medical Services,Low,Verified,
RPT-00918,2026-09-04 14:40:07.799786+00:00,Old Town,28.654332,77.225846,Evacuation Needed,Evacuation shelters at capacity; additional sites urgently required.,Department Report,11,Needs Review,Medium,Photo,TRUE,Emergency Services,High,Pending,2026-09-04 14:50:29.700894+00:00
RPT-00919,2026-09-04 09:31:45.815992+00:00,South District,28.506318,77.185049,Structural Damage,Building foundation appears compromised; residents evacuated as precaution.,Department Report,4,Verified,High,,FALSE,Public Works,High,Verified,2026-09-04 11:09:03.809592+00:00
RPT-00920,2026-09-04 13:17:30.306357+00:00,South District,28.511223,77.188394,Power Outage,Street lighting out; increased security risk in affected area.,Citizen Report,0,Needs Review,High,Photo,FALSE,Public Works,Medium,Needs Review,2026-09-04 13:52:50.767831+00:00
RPT-00921,2026-09-04 11:28:27.639600+00:00,East District,28.622565,77.343436,Structural Damage,Building foundation appears compromised; residents evacuated as precaution.,Field Responder,2,Verified,High,Photo,TRUE,Public Works,Medium,Verified,2026-09-04 11:30:59.821003+00:00
RPT-00922,2026-09-04 02:47:10.742874+00:00,Industrial Zone,28.581478,77.082619,Power Outage,Power lines down across the main avenue; risk of electrocution.,Sensor,13,Needs Review,Low,Video,TRUE,Electricity Department,,Needs Review,2026-09-04 05:48:17.412932+00:00
RPT-00923,2026-09-04 13:57:13.673810+00:00,Industrial Zone,28.581712,77.095968,Road Flooding,Emergency vehicles unable to reach destination due to flooded road.,Emergency Call,9,Pending,Unknown,Audio,UNKNOWN,Disaster Management,High,Needs Review,2026-09-04 14:16:21.822973+00:00
RPT-00924,2026-09-04 14:20:49.029242+00:00,Industrial Zone,28.586442,77.094788,Medical Emergency,Elderly resident collapsed; ambulance requested immediately.,Citizen Report,5,Needs Review,High,Video,TRUE,Emergency Services,,Needs Review,2026-09-04 14:34:13.314194+00:00
RPT-00925,2026-09-04 14:47:33.032139+00:00,East District,28.624694,77.345784,Road Flooding,Waterlogging observed along the central corridor; traffic diverted.,Field Responder,10,Verified,Unknown,Photo,FALSE,Emergency Services,Medium,Verified,2026-09-04 14:58:46.239188+00:00
RPT-00926,2026-09-04 15:23:12.791692+00:00,North District,28.736354,77.119133,Structural Damage,Building foundation appears compromised; residents evacuated as precaution.,Field Responder,8,Needs Review,Exact,Photo,TRUE,Emergency Services,Critical,Pending,2026-09-04 15:27:32.420733+00:00
RPT-00927,2026-09-04 15:38:27.576484+00:00,South District,28.486086,77.178108,Structural Damage,Possible structural damage observed near a residential building following tremors.,Field Responder,7,Needs Review,Exact,Unavailable,UNKNOWN,Disaster Management,High,Pending,2026-09-04 15:38:31.410895+00:00
RPT-00928,2026-09-01 16:42:51.614669+00:00,North District,28.760437,77.105407,Water Contamination,Pipe burst near waste facility; contamination risk flagged by engineers.,Sensor,12,Pending,Exact,Video,TRUE,Water Department,Critical,Pending,2026-09-01 16:52:14.733916+00:00
RPT-00929,2026-09-04 10:52:37.130785+00:00,South District,28.503282,77.166346,Water Contamination,Chemical smell detected in municipal water supply in the district.,Citizen Report,9,Pending,Medium,Video,TRUE,Public Works,Medium,Needs Review,2026-09-04 11:06:21.948424+00:00
RPT-00930,2026-09-04 11:24:08.127058+00:00,Riverside,28.669166,77.271184,Road Flooding,Drainage overflow causing road flooding; pedestrian safety at risk.,Sensor,0,Needs Review,Low,,UNKNOWN,Public Works,High,Pending,2026-09-04 11:31:23.623818+00:00
RPT-00931,2026-09-04 15:24:03.660395+00:00,Industrial Zone,28.577348,77.083132,Structural Damage,Possible structural damage observed near a residential building following tremors.,Emergency Call,5,Verified,Medium,Photo,TRUE,Disaster Management,Medium,Verified,2026-09-04 15:29:44.994048+00:00
RPT-00932,2026-09-02 06:33:37.505459+00:00,Old Town,28.658097,77.23134,Road Flooding,Drainage overflow causing road flooding; pedestrian safety at risk.,Sensor,9,Verified,Unknown,Audio,UNKNOWN,Disaster Management,Medium,Verified,2026-09-02 22:58:10.591760+00:00
RPT-00933,2026-09-04 14:24:56.449586+00:00,North District,28.749654,77.1237,Road Flooding,Road submerged after heavy rainfall; residents warned to avoid the area.,Citizen Report,8,Rejected,High,,FALSE,Disaster Management,Low,Rejected,2026-09-04 14:51:29.685479+00:00
RPT-00934,2026-09-04 14:59:55.624403+00:00,Old Town,28.657655,77.226901,Medical Emergency,Multiple casualties reported at scene; medical teams needed urgently.,Emergency Call,2,Verified,High,Photo,TRUE,Medical Services,Low,Verified,2026-09-04 15:11:31.258813+00:00
RPT-00935,2026-09-04 14:20:12.887569+00:00,Central District,28.627051,77.222578,Water Contamination,Residents report discoloured tap water with unusual odour.,Department Report,12,Pending,Exact,Unavailable,TRUE,Medical Services,Critical,Needs Review,2026-09-04 14:22:35.940670+00:00
RPT-00936,2026-09-04 13:12:03.988565+00:00,Industrial Zone,28.589631,77.097718,Power Outage,Multiple residents report loss of electrical power in the neighbourhood.,Department Report,9,Verified,High,Photo,TRUE,Electricity Department,Low,Verified,2026-09-04 13:21:32.803559+00:00
RPT-00937,2026-09-04 10:37:38.159905+00:00,Industrial Zone,28.575472,77.094582,Medical Emergency,Multiple casualties reported at scene; medical teams needed urgently.,Field Responder,2,Verified,Exact,Unavailable,TRUE,Medical Services,,Verified,2026-09-04 11:04:01.183410+00:00
RPT-00938,2026-09-04 11:36:01.594659+00:00,North District,28.745795,77.110296,Water Contamination,Water samples show elevated turbidity following pipeline damage.,Citizen Report,15,Needs Review,Medium,,TRUE,Public Works,Medium,Pending,2026-09-04 12:45:10.740485+00:00
RPT-00939,2026-09-04 15:46:45.240399+00:00,East District,28.621197,77.345921,Structural Damage,Partial collapse of boundary wall after last night's storm.,Department Report,8,Pending,High,Unavailable,TRUE,Disaster Management,Medium,Pending,2026-09-04 15:48:15.516419+00:00
RPT-00940,2026-09-04 15:42:31.479123+00:00,West District,28.647927,76.952492,Power Outage,Repeated fluctuations followed by complete outage; residents concerned.,Sensor,17,Pending,High,,UNKNOWN,Emergency Services,Medium,Needs Review,2026-09-04 15:46:14.142309+00:00
RPT-00941,2026-09-04 13:53:47.214206+00:00,North District,28.756379,77.120514,Evacuation Needed,Families stranded; evacuation routes blocked by debris.,Field Responder,6,Verified,High,Video,UNKNOWN,Disaster Management,Critical,Verified,2026-09-04 14:19:13.168881+00:00
RPT-00942,2026-09-04 14:08:55.076227+00:00,Old Town,28.654658,77.234882,Water Contamination,Pipe burst near waste facility; contamination risk flagged by engineers.,Emergency Call,19,Needs Review,Low,Unavailable,FALSE,Water Department,Critical,Pending,2026-09-04 14:11:23.334451+00:00
RPT-00943,2026-09-03 23:32:31.827436+00:00,Central District,28.630912,77.227954,Road Flooding,Emergency vehicles unable to reach destination due to flooded road.,Sensor,12,Rejected,Low,Video,TRUE,Disaster Management,Low,Rejected,2026-09-04 00:36:11.852367+00:00
RPT-00944,2026-09-04 10:11:10.529837+00:00,West District,28.633107,76.952722,Road Flooding,Flooding on underpass reported by commuters; immediate attention needed.,Sensor,11,Pending,Low,Photo,TRUE,Emergency Services,Low,Needs Review,2026-09-04 10:15:37.236106+00:00
RPT-00945,2026-09-01 19:39:17.870789+00:00,West District,28.631982,76.95048,Power Outage,Multiple residents report loss of electrical power in the neighbourhood.,Citizen Report,6,Verified,High,,UNKNOWN,Electricity Department,Medium,Verified,2026-09-02 13:34:43.061973+00:00
RPT-00946,2026-09-04 15:18:58.939395+00:00,Riverside,28.663576,77.277911,Structural Damage,Field responder confirms structural cracks on load-bearing column.,Sensor,7,Needs Review,High,Photo,TRUE,Public Works,Critical,Needs Review,2026-09-04 15:29:12.072667+00:00
RPT-00947,2026-09-04 15:53:18.254963+00:00,East District,28.616465,77.351872,Evacuation Needed,Mandatory evacuation ordered for low-lying residential blocks.,Citizen Report,19,Pending,Exact,Audio,FALSE,Public Works,High,Needs Review,2026-09-04 15:54:16.847387+00:00
RPT-00948,2026-09-04 06:25:28.224648+00:00,West District,28.636763,76.956151,Medical Emergency,Caller reports two unconscious individuals at the site.,Department Report,1,Verified,High,Unavailable,TRUE,Emergency Services,,Verified,2026-09-04 08:19:49.502374+00:00
RPT-00949,2026-09-04 12:55:40.631271+00:00,North District,28.718445,77.118238,Road Flooding,Low-lying road completely inundated following storm surge.,Field Responder,2,Rejected,High,Photo,FALSE,Emergency Services,High,Rejected,2026-09-04 13:39:34.653035+00:00
RPT-00950,2026-09-02 19:42:59.316363+00:00,Industrial Zone,28.580979,77.068587,Water Contamination,Pipe burst near waste facility; contamination risk flagged by engineers.,Field Responder,15,Verified,Unknown,Video,TRUE,Emergency Services,Medium,Verified,2026-09-03 04:09:58.821658+00:00
RPT-00951,2026-09-04 14:00:10.751782+00:00,South District,28.495262,77.199845,Power Outage,Repeated fluctuations followed by complete outage; residents concerned.,Department Report,5,Pending,Exact,Unavailable,TRUE,Electricity Department,,Pending,2026-09-04 14:14:20.251356+00:00
RPT-00952,2026-09-02 15:34:52.162087+00:00,Industrial Zone,28.578884,77.078682,Road Flooding,Waterlogging observed along the central corridor; traffic diverted.,Field Responder,1,Verified,Medium,,TRUE,Emergency Services,High,Verified,2026-09-02 18:06:16.974215+00:00
RPT-00953,2026-09-03 15:09:31.085767+00:00,West District,28.634399,76.949116,Water Contamination,Water department confirms contamination in sector; do-not-drink advisory issued.,Emergency Call,15,Verified,Exact,Video,TRUE,Public Works,Critical,Verified,2026-09-03 15:10:53.340404+00:00
RPT-00954,2026-09-02 22:00:42.844550+00:00,South District,28.521421,77.177015,Water Contamination,Chemical smell detected in municipal water supply in the district.,Emergency Call,9,Needs Review,Low,Audio,TRUE,Medical Services,Medium,Needs Review,2026-09-02 23:51:23.205924+00:00
RPT-00955,2026-09-03 13:14:42.288503+00:00,Industrial Zone,28.574063,77.076422,Evacuation Needed,Rising floodwater threatening neighbourhood; evacuation in progress.,Field Responder,16,Pending,High,Photo,UNKNOWN,Public Works,Critical,Pending,2026-09-03 15:56:37.167212+00:00
RPT-00956,2026-09-04 15:41:15.111072+00:00,Central District,28.62726,77.222701,Structural Damage,Overhead bridge shows signs of structural instability; area cordoned off.,Department Report,0,Needs Review,Medium,Video,TRUE,Disaster Management,Medium,Needs Review,2026-09-04 15:45:15.698012+00:00
RPT-00957,2026-09-02 03:36:34.176494+00:00,South District,28.504983,77.179942,Medical Emergency,Elderly resident collapsed; ambulance requested immediately.,Citizen Report,5,Verified,High,Unavailable,TRUE,Medical Services,,Verified,2026-09-02 04:04:14.968539+00:00
RPT-00958,2026-09-02 15:34:19.548679+00:00,Central District,28.63741,77.22544,Road Flooding,"Heavy water accumulation reported near the main road, vehicles unable to pass.",Citizen Report,12,Pending,Low,Video,UNKNOWN,Emergency Services,Medium,Pending,2026-09-03 00:40:17.238084+00:00
RPT-00959,2026-09-02 07:35:35.338845+00:00,Central District,28.628391,77.236875,Structural Damage,Partial collapse of boundary wall after last night's storm.,Emergency Call,0,Pending,Medium,Unavailable,UNKNOWN,Emergency Services,Medium,Needs Review,2026-09-02 14:33:09.866815+00:00
RPT-00960,2026-09-03 16:33:17.646128+00:00,North District,28.745869,77.118199,Power Outage,Repeated fluctuations followed by complete outage; residents concerned.,Citizen Report,20,Verified,Low,Video,TRUE,Electricity Department,,Verified,2026-09-03 19:20:35.116026+00:00
RPT-00961,2026-09-04 14:01:01.755517+00:00,South District,28.506536,77.178519,Power Outage,Repeated fluctuations followed by complete outage; residents concerned.,Citizen Report,13,Verified,High,,TRUE,Electricity Department,Low,Verified,2026-09-04 14:04:48.565882+00:00
RPT-00962,2026-09-04 11:16:13.431640+00:00,North District,28.759311,77.158385,Medical Emergency,Caller reports two unconscious individuals at the site.,Emergency Call,3,Needs Review,Exact,,TRUE,Medical Services,,Pending,2026-09-04 11:27:22.203281+00:00
RPT-00963,2026-09-04 15:27:08.782937+00:00,Industrial Zone,28.583656,77.084263,Power Outage,Repeated fluctuations followed by complete outage; residents concerned.,Sensor,23,Pending,Medium,Unavailable,UNKNOWN,Public Works,Low,Pending,2026-09-04 15:30:40.900930+00:00
RPT-00964,2026-09-02 15:46:14.903400+00:00,Central District,28.634406,77.219813,Power Outage,Substation tripped due to flooding; restoration time unknown.,Sensor,19,Pending,High,Photo,UNKNOWN,Public Works,Critical,Pending,2026-09-02 16:12:35.630070+00:00
RPT-00965,2026-09-04 10:38:36.939416+00:00,East District,28.624197,77.353931,Evacuation Needed,Evacuation order issued for industrial zone due to hazardous spill.,Sensor,18,Pending,Exact,Audio,TRUE,Public Works,Critical,Needs Review,2026-09-04 12:02:08.952502+00:00
RPT-00966,2026-09-04 11:08:15.546830+00:00,East District,28.594451,77.341045,Road Flooding,Low-lying road completely inundated following storm surge.,Sensor,12,Verified,High,Photo,FALSE,Public Works,High,Verified,2026-09-04 11:55:25.377655+00:00
RPT-00967,2026-09-04 14:32:45.008654+00:00,Old Town,28.653311,77.230289,Road Flooding,Waterlogging observed along the central corridor; traffic diverted.,Sensor,12,Pending,Exact,Photo,TRUE,Disaster Management,Low,Pending,2026-09-04 14:37:04.041435+00:00
RPT-00968,2026-09-04 15:34:17.113366+00:00,North District,28.736009,77.118929,Structural Damage,Substation tripped due to flooding; restoration time unknown.,Department Report,5,Verified,Medium,,TRUE,Emergency Services,Low,Verified,2026-09-04 15:38:42.655258+00:00
RPT-00969,2026-09-01 19:09:23.508277+00:00,North District,28.738437,77.114754,Medical Emergency,Injured person found in flooded basement; rescue and medical support needed.,Field Responder,1,Pending,Medium,Audio,UNKNOWN,Emergency Services,,Pending,2026-09-02 09:26:00.836386+00:00
RPT-00970,2026-09-04 11:44:05.156570+00:00,Industrial Zone,28.589604,77.078142,Evacuation Needed,Rising floodwater threatening neighbourhood; evacuation in progress.,Emergency Call,12,Pending,Medium,Unavailable,UNKNOWN,Public Works,High,Needs Review,2026-09-04 11:49:05.620732+00:00
RPT-00971,2026-09-04 11:47:30.655608+00:00,North District,28.717995,77.118798,Road Flooding,Multiple casualties reported at scene; medical teams needed urgently.,Emergency Call,1,Pending,Exact,Photo,TRUE,Emergency Services,,Needs Review,2026-09-04 13:00:15.084325+00:00
RPT-00972,2026-09-04 10:34:00.782617+00:00,South District,28.49718,77.162611,Evacuation Needed,Residents refusing to evacuate despite imminent structural risk.,Citizen Report,22,Verified,Low,Audio,TRUE,Disaster Management,High,Verified,2026-09-04 11:55:06.197726+00:00
RPT-00973,2026-09-04 15:52:53.750573+00:00,West District,28.626693,76.950637,Evacuation Needed,Families stranded; evacuation routes blocked by debris.,Sensor,24,Verified,High,,TRUE,Disaster Management,High,Verified,2026-09-04 15:52:55.924688+00:00
RPT-00974,2026-09-03 11:20:06.903532+00:00,Industrial Zone,28.579096,77.072174,Medical Emergency,Emergency call received about a person trapped and showing signs of distress.,Citizen Report,1,Verified,Exact,Unavailable,TRUE,Medical Services,,Verified,2026-09-03 14:33:00.897397+00:00
RPT-00975,2026-09-02 02:03:49.980633+00:00,Industrial Zone,28.573012,77.082154,Evacuation Needed,Evacuation shelters at capacity; additional sites urgently required.,Department Report,23,Rejected,Medium,,FALSE,Emergency Services,High,Rejected,2026-09-02 16:43:19.229166+00:00
RPT-00976,,South District,28.496782,77.186068,Structural Damage,Partial collapse of boundary wall after last night's storm.,Field Responder,7,Needs Review,High,Video,TRUE,Disaster Management,High,Pending,
RPT-00977,2026-09-04 15:47:14.906319+00:00,West District,28.64384,76.944781,Evacuation Needed,Chemical leak nearby necessitates immediate area evacuation.,Sensor,19,Needs Review,Medium,Unavailable,TRUE,Emergency Services,High,Pending,2026-09-04 15:48:45.393856+00:00
RPT-00978,2026-09-01 22:57:13.314642+00:00,Riverside,28.673499,77.270517,Evacuation Needed,Rising floodwater threatening neighbourhood; evacuation in progress.,Citizen Report,9,Verified,Medium,,TRUE,Emergency Services,High,Verified,2026-09-02 15:01:36.934656+00:00
RPT-00979,2026-09-04 15:09:38.388047+00:00,Old Town,28.652659,77.227902,Road Flooding,Residents report rapidly rising water levels along the service road.,Citizen Report,4,Needs Review,High,Audio,UNKNOWN,Disaster Management,Low,Needs Review,2026-09-04 15:14:15.278771+00:00
RPT-00980,2026-09-04 15:40:14.987473+00:00,West District,28.650102,76.960081,Power Outage,Substation tripped due to flooding; restoration time unknown.,Department Report,18,Needs Review,Exact,Unavailable,TRUE,Public Works,Low,Pending,2026-09-04 15:43:21.434293+00:00
RPT-00981,2026-09-04 14:39:48.215822+00:00,South District,28.496421,77.200113,Water Contamination,Residents report discoloured tap water with unusual odour.,Sensor,7,Verified,Medium,,UNKNOWN,Public Works,High,Verified,2026-09-04 14:50:44.763086+00:00
RPT-00982,2026-09-02 06:44:32.016218+00:00,Old Town,28.659539,77.23024,Structural Damage,Field responder confirms structural cracks on load-bearing column.,Field Responder,2,Rejected,Medium,,TRUE,Emergency Services,Medium,Rejected,2026-09-02 13:52:58.978016+00:00
RPT-00983,2026-09-03 15:29:39.917537+00:00,Industrial Zone,28.582067,77.070718,Evacuation Needed,Neighbourhood cordoned off; evacuation underway with police assistance.,Citizen Report,18,Pending,Medium,,UNKNOWN,Emergency Services,High,Needs Review,2026-09-03 20:07:56.139531+00:00
RPT-00984,2026-09-04 12:37:11.100274+00:00,Riverside,28.671798,77.258802,Power Outage,Multiple residents report loss of electrical power in the neighbourhood.,Department Report,5,Rejected,Exact,,UNKNOWN,Public Works,Medium,Rejected,2026-09-04 12:45:20.540524+00:00
RPT-00985,,East District,28.622461,77.340849,Road Flooding,"Floodwater covering the intersection, depth estimated at 30 cm.",Citizen Report,2,Verified,Medium,Audio,UNKNOWN,Public Works,Low,Verified,
RPT-00986,2026-09-04 15:52:23.208879+00:00,South District,28.50229,77.190257,Power Outage,Repeated fluctuations followed by complete outage; residents concerned.,Citizen Report,15,Verified,Exact,,TRUE,Emergency Services,Medium,Verified,2026-09-04 15:53:32.899487+00:00
RPT-00987,2026-09-04 14:13:06.576585+00:00,Old Town,28.662614,77.242123,Medical Emergency,Multiple casualties reported at scene; medical teams needed urgently.,Emergency Call,5,Verified,Medium,Photo,TRUE,Emergency Services,Low,Verified,2026-09-04 14:43:47.021558+00:00
RPT-00988,2026-09-04 14:13:36.792683+00:00,West District,28.642888,76.94882,Power Outage,Electricity supply disrupted; hospitals on backup generators.,Sensor,8,Needs Review,High,,TRUE,Emergency Services,,Needs Review,2026-09-04 14:13:49.968077+00:00
RPT-00989,2026-09-04 10:52:52.280825+00:00,Industrial Zone,28.578899,77.061729,Road Flooding,"Floodwater covering the intersection, depth estimated at 30 cm.",Field Responder,2,Needs Review,Exact,Photo,TRUE,Emergency Services,Medium,Pending,2026-09-04 11:29:43.575956+00:00
RPT-00990,2026-09-01 19:46:04.221393+00:00,East District,28.627397,77.343269,Structural Damage,Multiple reports of ceiling damage in adjacent buildings after tremor.,Citizen Report,4,Verified,Medium,Video,TRUE,Disaster Management,Critical,Verified,2026-09-02 02:25:27.759374+00:00
RPT-00991,2026-09-04 13:14:48.239559+00:00,Old Town,28.649804,77.235916,Water Contamination,Multiple residents hospitalised with gastrointestinal symptoms after water consumption.,Department Report,14,Needs Review,Low,,UNKNOWN,Water Department,Critical,Pending,2026-09-04 13:37:02.422003+00:00
RPT-00992,2026-09-04 10:59:05.823176+00:00,West District,28.650431,76.943438,Water Contamination,Water samples show elevated turbidity following pipeline damage.,Department Report,3,Verified,Medium,,TRUE,Public Works,Medium,Verified,2026-09-04 12:17:51.944550+00:00
RPT-00993,2026-09-04 10:22:15.033303+00:00,South District,28.495333,77.173199,Power Outage,Repeated fluctuations followed by complete outage; residents concerned.,Emergency Call,13,Verified,Exact,,TRUE,Electricity Department,Low,Verified,2026-09-04 10:42:39.096589+00:00
RPT-00994,2026-09-04 15:15:16.598703+00:00,Industrial Zone,28.588323,77.089816,Power Outage,Sensor network confirms power failure across the grid sector.,Citizen Report,11,Pending,Exact,Video,TRUE,Electricity Department,Low,Pending,2026-09-04 15:25:24.560963+00:00
RPT-00995,2026-09-04 14:31:55.805767+00:00,South District,28.504605,77.191832,Water Contamination,Blue-green algae bloom observed in reservoir; water supply may be affected.,Emergency Call,3,Verified,High,Unavailable,TRUE,Public Works,Critical,Verified,2026-09-04 14:47:07.586975+00:00
RPT-00996,2026-09-04 14:25:22.165608+00:00,South District,28.503496,77.198353,Water Contamination,Residents report discoloured tap water with unusual odour.,Citizen Report,3,Pending,Unknown,Photo,TRUE,Public Works,Medium,Pending,2026-09-04 14:45:18.934510+00:00
RPT-00997,2026-09-04 14:24:14.264008+00:00,North District,28.755837,77.113696,Structural Damage,Field responder confirms structural cracks on load-bearing column.,Department Report,8,Pending,High,Unavailable,TRUE,Disaster Management,Critical,Needs Review,2026-09-04 14:43:50.523254+00:00
RPT-00998,2026-09-02 01:30:24.040232+00:00,East District,28.62082,77.362332,Power Outage,Complete power failure affecting an estimated 500 households.,Sensor,11,Needs Review,Exact,,TRUE,Electricity Department,Low,Pending,2026-09-02 12:15:23.281356+00:00
RPT-00999,2026-09-04 15:53:57.189519+00:00,East District,28.635551,77.344232,Power Outage,Repeated fluctuations followed by complete outage; residents concerned.,Emergency Call,20,Needs Review,High,,TRUE,Electricity Department,Medium,Pending,2026-09-04 15:54:13.820570+00:00
RPT-01000,2026-09-04 11:24:56.759176+00:00,West District,28.648913,76.943091,Evacuation Needed,Rising floodwater threatening neighbourhood; evacuation in progress.,Citizen Report,5,Verified,Exact,Video,TRUE,Public Works,Critical,Verified,2026-09-04 12:24:39.298944+00:00
RPT-01001,2026-09-04 15:43:14.188315+00:00,Old Town,28.648223,77.235368,Road Flooding,Emergency vehicles unable to reach destination due to flooded road.,Citizen Report,10,Pending,Low,Photo,TRUE,Disaster Management,High,Pending,2026-09-04 15:43:24.508258+00:00
RPT-01002,2026-09-04 13:06:55.157598+00:00,East District,28.618011,77.335488,Medical Emergency,Multiple casualties reported at scene; medical teams needed urgently.,Department Report,0,Verified,High,Photo,TRUE,Medical Services,,Verified,2026-09-04 13:07:36.193319+00:00
RPT-01003,2026-09-04 15:06:32.064634+00:00,Central District,28.630468,77.21631,Water Contamination,Water department confirms contamination in sector; do-not-drink advisory issued.,Citizen Report,1,Pending,High,Photo,FALSE,Water Department,High,Needs Review,2026-09-04 15:06:39.995731+00:00
RPT-01004,2026-09-04 09:52:02.452536+00:00,Central District,28.629209,77.221047,Structural Damage,Multiple reports of ceiling damage in adjacent buildings after tremor.,Department Report,6,Needs Review,Medium,Photo,UNKNOWN,Emergency Services,Critical,Needs Review,2026-09-04 11:33:55.395358+00:00
RPT-01005,2026-09-04 15:03:25.994231+00:00,Old Town,28.658701,77.220703,Structural Damage,Partial collapse of boundary wall after last night's storm.,Field Responder,3,Verified,Exact,Unavailable,TRUE,Public Works,High,Verified,2026-09-04 15:08:21.596308+00:00
RPT-01006,2026-09-04 12:50:13.941917+00:00,Central District,28.641719,77.213985,Road Flooding,Emergency vehicles unable to reach destination due to flooded road.,Citizen Report,6,Pending,Medium,Photo,TRUE,Emergency Services,Low,Pending,2026-09-04 12:59:32.994038+00:00
RPT-01007,2026-09-04 14:11:12.597477+00:00,South District,28.481929,77.190002,Water Contamination,Residents report discoloured tap water with unusual odour.,Sensor,14,Pending,Exact,Unavailable,TRUE,Public Works,Medium,Pending,2026-09-04 14:37:27.892501+00:00
RPT-01008,2026-09-04 14:08:09.977108+00:00,Central District,28.632043,77.220562,Water Contamination,Water samples show elevated turbidity following pipeline damage.,Sensor,10,Rejected,Medium,Audio,FALSE,Emergency Services,High,Rejected,2026-09-04 14:18:13.502753+00:00
RPT-01009,2026-09-04 15:56:16.433825+00:00,Riverside,28.667081,77.274549,Evacuation Needed,Rising floodwater threatening neighbourhood; evacuation in progress.,Department Report,7,Pending,Medium,Photo,TRUE,Disaster Management,High,Needs Review,2026-09-04 15:56:19.997734+00:00
RPT-01010,2026-09-04 12:15:13.349064+00:00,South District,28.502256,77.180672,Evacuation Needed,Mandatory evacuation ordered for low-lying residential blocks.,Citizen Report,15,Verified,Exact,Unavailable,UNKNOWN,Emergency Services,Critical,Verified,2026-09-04 12:18:03.452350+00:00
RPT-01011,2026-09-04 15:56:07.650295+00:00,Riverside,28.667856,77.271095,Water Contamination,Water department confirms contamination in sector; do-not-drink advisory issued.,Sensor,19,Pending,Medium,Unavailable,TRUE,Water Department,High,Pending,2026-09-04 15:56:50.407570+00:00
RPT-01012,2026-09-04 11:50:11.183574+00:00,Central District,28.626002,77.220267,Power Outage,Widespread outage affecting critical facilities including water treatment plant.,Citizen Report,2,Needs Review,High,,TRUE,Emergency Services,,Pending,2026-09-04 12:16:29.393288+00:00
RPT-01013,2026-09-03 04:56:36.591364+00:00,Central District,28.625942,77.22013,Evacuation Needed,Chemical leak nearby necessitates immediate area evacuation.,Sensor,22,Verified,Medium,Video,UNKNOWN,Emergency Services,High,Verified,2026-09-03 07:36:47.641469+00:00
RPT-01014,2026-09-04 12:42:23.486543+00:00,East District,28.629334,77.356313,Medical Emergency,Person found unresponsive; bystanders performing CPR; ambulance en route.,Department Report,13,Needs Review,High,Unavailable,TRUE,Emergency Services,,Pending,2026-09-04 13:01:40.241449+00:00
RPT-01015,2026-09-04 05:27:52.483360+00:00,Old Town,28.648958,77.225306,Road Flooding,Standing water blocking access road; multiple vehicles stranded.,Citizen Report,10,Pending,Low,Video,TRUE,Public Works,High,Pending,2026-09-04 07:42:47.397769+00:00
RPT-01016,2026-09-04 11:57:40.701179+00:00,West District,28.633797,76.936365,Power Outage,Street lighting out; increased security risk in affected area.,Department Report,18,Needs Review,High,,TRUE,Public Works,Medium,Pending,2026-09-04 13:03:10.830928+00:00
RPT-01017,2026-09-04 12:25:15.287145+00:00,West District,28.636817,76.944665,Medical Emergency,Injured person found in flooded basement; rescue and medical support needed.,Department Report,4,Verified,Exact,Photo,TRUE,Emergency Services,Low,Verified,2026-09-04 12:31:34.700248+00:00
RPT-01018,2026-09-01 16:14:04.817866+00:00,Old Town,28.651254,77.230595,Road Flooding,"Heavy water accumulation reported near the main road, vehicles unable to pass.",Citizen Report,0,Needs Review,High,Photo,TRUE,Emergency Services,Low,Needs Review,2026-09-02 01:49:53.406590+00:00
RPT-01019,2026-09-04 02:58:23.918857+00:00,Industrial Zone,28.590396,77.06207,Structural Damage,Partial collapse of boundary wall after last night's storm.,Field Responder,8,Verified,High,Photo,UNKNOWN,Emergency Services,Medium,Verified,2026-09-04 04:34:19.919676+00:00
RPT-01020,2026-09-04 11:34:01.320309+00:00,North District,28.739994,77.107081,Water Contamination,Pipe burst near waste facility; contamination risk flagged by engineers.,Citizen Report,6,Verified,Unknown,,UNKNOWN,Water Department,Medium,Verified,2026-09-04 12:43:49.304264+00:00
RPT-01021,2026-09-01 22:56:02.876525+00:00,South District,28.509384,77.186517,Structural Damage,Partial collapse of boundary wall after last night's storm.,Field Responder,0,Needs Review,Medium,,UNKNOWN,Disaster Management,Critical,Needs Review,2026-09-02 04:51:56.544680+00:00
RPT-01022,2026-09-04 13:42:07.456498+00:00,Old Town,28.664401,77.225919,Road Flooding,Drainage overflow causing road flooding; pedestrian safety at risk.,Sensor,8,Needs Review,Medium,Audio,UNKNOWN,Disaster Management,Medium,Needs Review,2026-09-04 13:43:09.803159+00:00
RPT-01023,2026-09-04 13:36:46.076776+00:00,Old Town,28.650487,77.22024,Power Outage,Sensor network confirms power failure across the grid sector.,Sensor,11,Verified,Low,,TRUE,Emergency Services,,Verified,2026-09-04 13:43:24.287571+00:00
RPT-01024,2026-09-02 14:05:11.122816+00:00,Central District,28.632092,77.209537,Evacuation Needed,Mandatory evacuation ordered for low-lying residential blocks.,Citizen Report,21,Rejected,Exact,Unavailable,FALSE,Disaster Management,Critical,Rejected,2026-09-02 14:50:05.064669+00:00
RPT-01025,2026-09-04 14:50:44.852310+00:00,South District,28.499039,77.201185,Structural Damage,Old structure shows severe erosion damage; engineer inspection required.,Department Report,0,Verified,Exact,Unavailable,TRUE,Emergency Services,High,Verified,2026-09-04 15:04:08.076997+00:00
RPT-01026,2026-09-04 14:37:54.248815+00:00,Industrial Zone,28.572391,77.092139,Power Outage,Power lines down across the main avenue; risk of electrocution.,Citizen Report,3,Pending,Low,Unavailable,FALSE,Electricity Department,Low,Needs Review,2026-09-04 14:47:00.132132+00:00
RPT-01027,2026-09-04 13:58:54.419456+00:00,Industrial Zone,28.587807,77.08155,Evacuation Needed,Evacuation shelters at capacity; additional sites urgently required.,Emergency Call,7,Verified,High,Photo,TRUE,Disaster Management,High,Verified,2026-09-04 14:11:29.837106+00:00
RPT-01028,2026-09-04 15:50:23.827653+00:00,Central District,28.627009,77.218906,Medical Emergency,Mass casualty event suspected following building partial collapse.,Department Report,4,Verified,High,Unavailable,TRUE,Emergency Services,Low,Verified,2026-09-04 15:52:19.758912+00:00
RPT-01029,2026-09-04 10:55:19.829194+00:00,Old Town,28.653554,77.228653,Evacuation Needed,Families stranded; evacuation routes blocked by debris.,Field Responder,5,Verified,High,Unavailable,UNKNOWN,Emergency Services,Critical,Verified,2026-09-04 12:00:54.533883+00:00
RPT-01030,2026-09-04 14:05:30.536041+00:00,East District,28.636256,77.349819,Evacuation Needed,Evacuation order issued for industrial zone due to hazardous spill.,Citizen Report,16,Pending,Exact,Video,TRUE,Emergency Services,Critical,Needs Review,2026-09-04 14:16:14.796538+00:00
RPT-01031,2026-09-02 00:19:41.387986+00:00,South District,28.481733,77.189128,Water Contamination,Electricity supply disrupted; hospitals on backup generators.,Department Report,5,Verified,Low,Photo,TRUE,Electricity Department,Low,Verified,2026-09-02 13:37:53.555431+00:00
RPT-01032,2026-09-04 15:48:49.207427+00:00,Old Town,28.663846,77.221597,Water Contamination,Residents report discoloured tap water with unusual odour.,Sensor,9,Verified,Exact,Audio,TRUE,Medical Services,Critical,Verified,2026-09-04 15:51:01.783958+00:00
RPT-01033,2026-09-04 12:53:19.764125+00:00,East District,28.622673,77.35233,Medical Emergency,Severe trauma case reported by field responder; air evacuation may be needed.,Field Responder,4,Verified,Exact,Photo,TRUE,Medical Services,Low,Verified,2026-09-04 13:16:35.049709+00:00
RPT-01034,,Industrial Zone,28.576999,77.069509,Structural Damage,Possible structural damage observed near a residential building following tremors.,Citizen Report,1,Verified,High,,TRUE,Disaster Management,High,Verified,
RPT-01035,2026-09-04 15:46:41.655616+00:00,East District,28.617916,77.335141,Evacuation Needed,Neighbourhood cordoned off; evacuation underway with police assistance.,Field Responder,25,Pending,Medium,Audio,TRUE,Emergency Services,Critical,Pending,2026-09-04 15:46:53.060624+00:00
RPT-01036,2026-09-04 13:45:08.360208+00:00,Industrial Zone,28.581664,77.08737,Evacuation Needed,Neighbourhood cordoned off; evacuation underway with police assistance.,Citizen Report,13,Verified,High,Photo,TRUE,Public Works,Critical,Verified,2026-09-04 14:08:37.805965+00:00
RPT-01037,2026-09-04 12:38:29.152474+00:00,Central District,28.622236,77.218002,Structural Damage,Partial collapse of boundary wall after last night's storm.,Citizen Report,0,Needs Review,Medium,Photo,TRUE,Emergency Services,High,Needs Review,2026-09-04 13:04:25.886935+00:00
RPT-01038,2026-09-04 11:30:52.150703+00:00,Industrial Zone,28.585533,77.072347,Power Outage,Power lines down across the main avenue; risk of electrocution.,Citizen Report,11,Needs Review,High,Photo,TRUE,Emergency Services,Low,Needs Review,2026-09-04 12:04:48.285360+00:00
RPT-01039,2026-09-04 12:33:39.006935+00:00,Central District,28.633709,77.204424,Power Outage,Multiple residents report loss of electrical power in the neighbourhood.,Sensor,11,Needs Review,Low,,TRUE,Public Works,Medium,Pending,2026-09-04 13:30:05.001848+00:00
RPT-01040,2026-09-03 13:26:53.720443+00:00,Industrial Zone,28.582474,77.084782,Water Contamination,Water department confirms contamination in sector; do-not-drink advisory issued.,Department Report,7,Rejected,Medium,Photo,TRUE,Public Works,High,Rejected,2026-09-03 14:30:58.530482+00:00
RPT-01041,2026-09-04 10:01:15.654325+00:00,North District,28.754962,77.124539,Medical Emergency,Caller reports two unconscious individuals at the site.,Emergency Call,0,Pending,High,,TRUE,Emergency Services,Low,Pending,2026-09-04 10:52:36.369858+00:00
RPT-01042,2026-09-02 15:48:06.198243+00:00,West District,28.643477,76.945633,Structural Damage,Partial collapse of boundary wall after last night's storm.,Department Report,7,Needs Review,High,Video,UNKNOWN,Public Works,High,Pending,2026-09-02 21:56:25.151498+00:00
RPT-01043,2026-09-04 14:15:56.438851+00:00,North District,28.752173,77.128748,Structural Damage,Roof section collapsed on commercial premises; no injuries reported yet.,Emergency Call,6,Needs Review,High,Video,TRUE,Emergency Services,High,Needs Review,2026-09-04 14:21:03.308968+00:00
RPT-01044,2026-09-03 15:07:30.974076+00:00,Central District,28.636216,77.228597,Structural Damage,Partial collapse of boundary wall after last night's storm.,Field Responder,4,Needs Review,Medium,,TRUE,Emergency Services,High,Pending,2026-09-03 18:36:17.041388+00:00
RPT-01045,2026-09-04 10:41:11.520835+00:00,South District,28.504183,77.186063,Road Flooding,Residents report rapidly rising water levels along the service road.,Sensor,11,Rejected,Unknown,Video,FALSE,Disaster Management,High,Rejected,2026-09-04 10:49:13.851657+00:00
RPT-01046,2026-09-01 22:41:53.299260+00:00,West District,28.640298,76.958327,Medical Emergency,Medical assistance reportedly required near the intersection.,Emergency Call,4,Verified,High,Photo,TRUE,Medical Services,,Verified,2026-09-02 05:37:13.920690+00:00
RPT-01047,2026-09-03 18:47:56.394773+00:00,South District,28.492249,77.172621,Road Flooding,Drainage overflow causing road flooding; pedestrian safety at risk.,Citizen Report,10,Needs Review,High,Photo,FALSE,Emergency Services,High,Pending,2026-09-03 23:21:44.001399+00:00
RPT-01048,2026-09-04 12:03:08.087901+00:00,West District,28.637184,76.956306,Power Outage,Complete power failure affecting an estimated 500 households.,Department Report,5,Verified,High,,FALSE,Emergency Services,Medium,Verified,2026-09-04 12:23:14.244389+00:00
RPT-01049,2026-09-04 11:28:14.753508+00:00,East District,28.618895,77.357537,Power Outage,Repeated fluctuations followed by complete outage; residents concerned.,Department Report,19,Needs Review,Medium,Photo,TRUE,Public Works,,Pending,2026-09-04 12:04:32.768601+00:00
RPT-01050,2026-09-04 09:59:46.468387+00:00,Riverside,28.670307,77.278062,Water Contamination,Possible sewage intrusion into potable water supply reported.,Department Report,12,Verified,Low,Audio,FALSE,Medical Services,Critical,Verified,2026-09-04 10:56:18.960576+00:00
RPT-01051,2026-09-04 14:16:51.734963+00:00,North District,28.739976,77.152716,Water Contamination,Pipe burst near waste facility; contamination risk flagged by engineers.,Field Responder,5,Needs Review,Exact,Audio,TRUE,Emergency Services,Medium,Needs Review,2026-09-04 14:42:44.201417+00:00
RPT-01052,2026-09-04 15:42:17.937745+00:00,Central District,28.63145,77.223796,Medical Emergency,Severe trauma case reported by field responder; air evacuation may be needed.,Emergency Call,4,Verified,High,Unavailable,TRUE,Emergency Services,,Verified,2026-09-04 15:46:37.535086+00:00
RPT-01053,2026-09-04 14:08:35.673995+00:00,East District,28.629704,77.345521,Medical Emergency,Severe trauma case reported by field responder; air evacuation may be needed.,Emergency Call,1,Pending,Exact,Unavailable,TRUE,Medical Services,,Pending,2026-09-04 14:09:07.417319+00:00
RPT-01054,2026-09-04 15:01:38.734919+00:00,Industrial Zone,28.591879,77.092737,Medical Emergency,Medical assistance reportedly required near the intersection.,Department Report,0,Verified,Medium,Unavailable,UNKNOWN,Emergency Services,,Verified,2026-09-04 15:03:11.231421+00:00
RPT-01055,2026-09-02 09:32:55.690275+00:00,Central District,28.637831,77.21497,Structural Damage,Cracks reported on the exterior walls of the apartment block.,Field Responder,6,Needs Review,Exact,,TRUE,Emergency Services,Critical,Needs Review,2026-09-02 10:02:45.943530+00:00
RPT-01056,,Industrial Zone,28.580521,77.079628,Medical Emergency,Mass casualty event suspected following building partial collapse.,Field Responder,2,Pending,Medium,Video,TRUE,Emergency Services,,Pending,
RPT-01057,2026-09-04 15:50:13.826216+00:00,South District,28.514389,77.181418,Road Flooding,Low-lying road completely inundated following storm surge.,Emergency Call,11,Needs Review,Low,Video,UNKNOWN,Disaster Management,Low,Needs Review,2026-09-04 15:50:52.923281+00:00
RPT-01058,2026-09-04 12:26:14.087757+00:00,Central District,28.630949,77.211082,Evacuation Needed,Neighbourhood cordoned off; evacuation underway with police assistance.,Sensor,16,Verified,High,Unavailable,TRUE,Disaster Management,High,Verified,2026-09-04 13:12:06.069966+00:00
RPT-01059,,Industrial Zone,28.570121,77.070397,Structural Damage,House wall leaning dangerously; occupants requested to vacate premises.,Department Report,8,Needs Review,High,Photo,TRUE,Disaster Management,Critical,Needs Review,
RPT-01060,2026-09-03 18:19:24.927441+00:00,Riverside,28.677075,77.272068,Road Flooding,"Floodwater covering the intersection, depth estimated at 30 cm.",Sensor,9,Verified,High,Photo,TRUE,Emergency Services,Low,Verified,2026-09-03 18:28:05.213629+00:00
RPT-01061,2026-09-02 07:43:10.087875+00:00,Riverside,28.660129,77.274347,Water Contamination,Pipe burst near waste facility; contamination risk flagged by engineers.,Emergency Call,1,Verified,Unknown,Audio,TRUE,Public Works,High,Verified,2026-09-03 00:15:27.573018+00:00
RPT-01062,2026-09-03 01:43:21.351562+00:00,South District,28.502005,77.168897,Structural Damage,Partial collapse of boundary wall after last night's storm.,Department Report,7,Verified,Exact,Video,TRUE,Emergency Services,High,Verified,2026-09-03 06:08:19.847024+00:00
RPT-01063,2026-09-04 12:09:06.526025+00:00,East District,28.617925,77.363448,Road Flooding,Standing water blocking access road; multiple vehicles stranded.,Field Responder,2,Needs Review,Medium,,TRUE,Emergency Services,Medium,Pending,2026-09-04 13:04:33.011799+00:00
RPT-01064,2026-09-04 14:13:13.137480+00:00,Central District,28.632447,77.218105,Power Outage,Transformer explosion reported; area in complete darkness.,Emergency Call,3,Verified,Medium,Photo,FALSE,Public Works,Low,Verified,2026-09-04 14:17:37.371246+00:00
RPT-01065,2026-09-04 14:12:56.149662+00:00,North District,28.752957,77.118546,Road Flooding,Road submerged after heavy rainfall; residents warned to avoid the area.,Sensor,0,Verified,High,Photo,TRUE,Emergency Services,Medium,Verified,2026-09-04 14:27:35.994075+00:00
RPT-01066,2026-09-04 13:18:18.929263+00:00,Riverside,28.67633,77.261883,Evacuation Needed,Multiple elderly residents require assisted evacuation support.,Emergency Call,19,Verified,High,Video,UNKNOWN,Emergency Services,Critical,Verified,2026-09-04 13:30:46.461543+00:00
RPT-01067,2026-09-04 10:03:00.111281+00:00,Industrial Zone,28.595411,77.089226,Structural Damage,House wall leaning dangerously; occupants requested to vacate premises.,Department Report,0,Needs Review,Exact,Video,TRUE,Emergency Services,Medium,Needs Review,2026-09-04 11:07:48.971077+00:00
RPT-01068,2026-09-04 15:50:28.975895+00:00,South District,28.495807,77.19163,Road Flooding,"Heavy water accumulation reported near the main road, vehicles unable to pass.",Sensor,9,Needs Review,Medium,Video,TRUE,Emergency Services,Low,Needs Review,2026-09-04 15:51:05.436789+00:00
RPT-01069,2026-09-04 12:17:46.002261+00:00,South District,28.509368,77.169073,Power Outage,Power lines down across the main avenue; risk of electrocution.,Department Report,9,Needs Review,Medium,Unavailable,FALSE,Emergency Services,Low,Needs Review,2026-09-04 12:54:16.814415+00:00
RPT-01070,2026-09-04 13:05:45.814624+00:00,Riverside,28.67209,77.273402,Medical Emergency,Elderly resident collapsed; ambulance requested immediately.,Citizen Report,0,Needs Review,Medium,,TRUE,Medical Services,,Needs Review,2026-09-04 13:45:19.839528+00:00
RPT-01071,,East District,28.613869,77.360302,Road Flooding,Flooding on underpass reported by commuters; immediate attention needed.,Field Responder,1,Verified,Medium,,TRUE,Disaster Management,Low,Verified,
RPT-01072,2026-09-04 11:35:44.826536+00:00,West District,28.630652,76.969096,Evacuation Needed,Mass evacuation of high-rise building due to fire and smoke.,Citizen Report,20,Verified,High,Unavailable,FALSE,Disaster Management,Critical,Verified,2026-09-04 11:52:54.570369+00:00
RPT-01073,2026-09-04 15:36:21.785355+00:00,West District,28.619955,76.94235,Evacuation Needed,Mass evacuation of high-rise building due to fire and smoke.,Emergency Call,15,Rejected,Low,Photo,TRUE,Public Works,Critical,Rejected,2026-09-04 15:41:24.069335+00:00
RPT-01074,2026-09-04 11:47:08.018068+00:00,Riverside,28.666567,77.271709,Medical Emergency,Child with respiratory symptoms reported; possible exposure to contaminant.,Emergency Call,4,Verified,Medium,Video,UNKNOWN,Medical Services,,Verified,2026-09-04 12:12:06.710105+00:00
RPT-01075,2026-09-04 11:32:41.355989+00:00,Central District,28.628921,77.208239,Medical Emergency,Multiple casualties reported at scene; medical teams needed urgently.,Department Report,0,Verified,High,,TRUE,Medical Services,,Verified,2026-09-04 12:27:07.496764+00:00
RPT-01076,2026-09-03 16:15:27.642608+00:00,Old Town,28.654337,77.228181,Power Outage,Substation tripped due to flooding; restoration time unknown.,Sensor,13,Rejected,High,,TRUE,Public Works,Medium,Rejected,2026-09-03 22:56:31.711012+00:00
RPT-01077,2026-09-04 15:53:43.006163+00:00,East District,28.627108,77.369592,Road Flooding,Road submerged after heavy rainfall; residents warned to avoid the area.,Field Responder,6,Needs Review,Low,Video,TRUE,Public Works,Low,Needs Review,2026-09-04 15:54:26.174618+00:00
RPT-01078,2026-09-03 03:20:42.072844+00:00,Central District,28.61826,77.22618,Power Outage,Transformer explosion reported; area in complete darkness.,Department Report,17,Needs Review,Low,,FALSE,Public Works,,Pending,2026-09-03 09:23:34.227840+00:00
RPT-01079,2026-09-04 09:08:36.279848+00:00,Riverside,28.664529,77.259568,Evacuation Needed,Neighbourhood cordoned off; evacuation underway with police assistance.,Field Responder,24,Verified,High,Video,UNKNOWN,Disaster Management,Critical,Verified,2026-09-04 10:33:07.967849+00:00
RPT-01080,2026-09-01 18:53:30.311793+00:00,Riverside,28.67071,77.271079,Power Outage,Transformer explosion reported; area in complete darkness.,Sensor,11,Needs Review,High,Video,TRUE,Emergency Services,Medium,Pending,2026-09-02 15:24:42.464954+00:00
RPT-01081,2026-09-04 12:00:04.889157+00:00,East District,28.627308,77.347645,Evacuation Needed,Mandatory evacuation ordered for low-lying residential blocks.,Department Report,14,Verified,Medium,,TRUE,Emergency Services,High,Verified,2026-09-04 13:06:54.894374+00:00
RPT-01082,2026-09-01 16:12:19.002701+00:00,Industrial Zone,28.594755,77.073238,Medical Emergency,Multiple casualties reported at scene; medical teams needed urgently.,Department Report,3,Verified,Exact,,FALSE,Emergency Services,Low,Verified,2026-09-02 02:59:14.480594+00:00
RPT-01083,2026-09-03 23:34:31.237721+00:00,West District,28.634027,76.946471,Structural Damage,Building foundation appears compromised; residents evacuated as precaution.,Department Report,6,Verified,High,Video,TRUE,Public Works,Medium,Verified,2026-09-04 01:11:13.038766+00:00
RPT-01084,2026-09-04 14:40:48.833459+00:00,North District,28.7562,77.123667,Power Outage,Street lighting out; increased security risk in affected area.,Citizen Report,7,Verified,Medium,Photo,TRUE,Electricity Department,Low,Verified,2026-09-04 14:55:08.953699+00:00
RPT-01085,2026-09-04 06:53:12.728709+00:00,West District,28.641676,76.941684,Structural Damage,Old structure shows severe erosion damage; engineer inspection required.,Field Responder,0,Verified,Exact,Photo,UNKNOWN,Disaster Management,Medium,Verified,2026-09-04 07:33:03.554956+00:00
RPT-01086,2026-09-01 18:44:29.530290+00:00,Central District,28.630152,77.224581,Medical Emergency,Caller reports two unconscious individuals at the site.,Emergency Call,1,Needs Review,Medium,,TRUE,Emergency Services,Low,Needs Review,2026-09-02 13:54:57.813594+00:00
RPT-01087,2026-09-03 06:17:22.672946+00:00,Old Town,28.652246,77.236941,Evacuation Needed,Residents refusing to evacuate despite imminent structural risk.,Department Report,12,Pending,Exact,Video,TRUE,Public Works,Critical,Pending,2026-09-03 14:24:33.598747+00:00
RPT-01088,2026-09-04 13:35:08.133889+00:00,East District,28.612789,77.352461,Water Contamination,Possible sewage intrusion into potable water supply reported.,Department Report,15,Pending,Medium,,TRUE,Emergency Services,High,Pending,2026-09-04 13:49:46.804486+00:00
RPT-01089,2026-09-02 20:37:23.035242+00:00,North District,28.754468,77.13157,Evacuation Needed,Rising floodwater threatening neighbourhood; evacuation in progress.,Department Report,19,Pending,Exact,Video,FALSE,Emergency Services,Critical,Needs Review,2026-09-03 02:15:38.327255+00:00
RPT-01090,2026-09-04 11:06:48.997045+00:00,Riverside,28.667498,77.276596,Structural Damage,Field responder confirms structural cracks on load-bearing column.,Department Report,2,Needs Review,High,Video,TRUE,Disaster Management,High,Needs Review,2026-09-04 12:12:07.759258+00:00
RPT-01091,2026-09-04 15:55:29.768032+00:00,West District,28.660297,76.961392,Medical Emergency,Multiple casualties reported at scene; medical teams needed urgently.,Department Report,2,Rejected,Medium,Audio,TRUE,Medical Services,Low,Rejected,2026-09-04 15:56:00.602850+00:00
RPT-01092,2026-09-04 15:12:48.371927+00:00,East District,28.625003,77.350048,Medical Emergency,Emergency call received about a person trapped and showing signs of distress.,Emergency Call,1,Verified,High,Unavailable,TRUE,Medical Services,,Verified,2026-09-04 15:19:15.429779+00:00
RPT-01093,2026-09-02 09:27:10.893169+00:00,East District,28.634121,77.340944,Water Contamination,Multiple residents hospitalised with gastrointestinal symptoms after water consumption.,Sensor,10,Needs Review,Low,,FALSE,Medical Services,Critical,Needs Review,2026-09-02 11:32:19.727096+00:00
RPT-01094,2026-09-04 01:19:35.421614+00:00,East District,28.620821,77.355203,Power Outage,Transformer explosion reported; area in complete darkness.,Citizen Report,5,Pending,Medium,Video,TRUE,Electricity Department,Medium,Pending,2026-09-04 01:44:12.579018+00:00
RPT-01095,2026-09-04 15:48:52.602901+00:00,Central District,28.629638,77.22037,Medical Emergency,Elderly resident collapsed; ambulance requested immediately.,Emergency Call,3,Verified,High,Video,UNKNOWN,Emergency Services,Low,Verified,2026-09-04 15:49:11.753951+00:00
RPT-01096,,East District,28.623462,77.349746,Water Contamination,Multiple residents hospitalised with gastrointestinal symptoms after water consumption.,Sensor,1,Needs Review,Medium,Unavailable,TRUE,Emergency Services,Critical,Needs Review,
RPT-01097,2026-09-04 15:29:29.497779+00:00,Central District,28.630201,77.240745,Road Flooding,Drainage overflow causing road flooding; pedestrian safety at risk.,Sensor,6,Needs Review,Low,Video,UNKNOWN,Disaster Management,Medium,Needs Review,2026-09-04 15:33:29.997800+00:00
RPT-01098,2026-09-04 10:43:55.926256+00:00,Riverside,28.67408,77.268786,Evacuation Needed,Mandatory evacuation ordered for low-lying residential blocks.,Citizen Report,25,Verified,High,Audio,TRUE,Disaster Management,High,Verified,2026-09-04 11:17:55.744211+00:00
RPT-01099,2026-09-04 15:10:11.649599+00:00,Central District,28.629492,77.222063,Power Outage,Substation tripped due to flooding; restoration time unknown.,Citizen Report,8,Verified,Exact,Video,TRUE,Emergency Services,Low,Verified,2026-09-04 15:18:40.260340+00:00
RPT-01100,2026-09-01 19:51:12.955049+00:00,East District,28.613587,77.357037,Structural Damage,Field responder confirms structural cracks on load-bearing column.,Field Responder,3,Needs Review,Medium,Photo,UNKNOWN,Public Works,High,Needs Review,2026-09-02 07:11:14.974550+00:00
RPT-01101,2026-09-04 15:09:15.995171+00:00,South District,28.491613,77.158896,Structural Damage,Cracks reported on the exterior walls of the apartment block.,Field Responder,1,Pending,High,,TRUE,Disaster Management,Critical,Needs Review,2026-09-04 15:21:00.158879+00:00
RPT-01102,2026-09-04 15:35:53.244965+00:00,Industrial Zone,28.579586,77.085874,Evacuation Needed,Evacuation shelters at capacity; additional sites urgently required.,Emergency Call,17,Rejected,Exact,Photo,TRUE,Public Works,Critical,Rejected,2026-09-04 15:39:14.663166+00:00
RPT-01103,2026-09-02 06:34:37.329394+00:00,North District,28.752686,77.111694,Structural Damage,Multiple reports of ceiling damage in adjacent buildings after tremor.,Field Responder,5,Rejected,High,Video,TRUE,Emergency Services,Medium,Rejected,2026-09-02 13:17:47.422275+00:00
RPT-01104,2026-09-03 08:00:32.819395+00:00,Riverside,28.671157,77.264175,Medical Emergency,Person found unresponsive; bystanders performing CPR; ambulance en route.,Field Responder,3,Verified,High,Video,TRUE,Emergency Services,,Verified,2026-09-03 16:55:54.330311+00:00
RPT-01105,2026-09-01 20:07:01.416837+00:00,South District,28.480274,77.190975,Medical Emergency,Emergency call received about a person trapped and showing signs of distress.,Emergency Call,2,Pending,High,,TRUE,Emergency Services,Low,Pending,2026-09-02 14:46:44.150669+00:00
RPT-01106,2026-09-03 15:43:14.854730+00:00,East District,28.620704,77.336566,Power Outage,Street lighting out; increased security risk in affected area.,Department Report,16,Pending,Low,Photo,TRUE,Public Works,Low,Pending,2026-09-03 17:27:44.251040+00:00
RPT-01107,2026-09-03 14:04:59.156427+00:00,East District,28.606057,77.365403,Power Outage,Electricity supply disrupted; hospitals on backup generators.,Department Report,20,Pending,Medium,,UNKNOWN,Emergency Services,Medium,Pending,2026-09-03 16:32:27.176084+00:00
RPT-01108,2026-09-04 14:03:13.220975+00:00,Old Town,28.651908,77.228282,Road Flooding,Road submerged after heavy rainfall; residents warned to avoid the area.,Sensor,0,Verified,Low,Photo,FALSE,Disaster Management,Low,Verified,2026-09-04 14:31:15.655064+00:00
RPT-01109,2026-09-04 14:07:49.699730+00:00,South District,28.491457,77.191145,Road Flooding,Drainage overflow causing road flooding; pedestrian safety at risk.,Citizen Report,3,Verified,High,Audio,UNKNOWN,Emergency Services,Low,Verified,2026-09-04 14:21:59.976084+00:00
RPT-01110,2026-09-04 12:34:59.450391+00:00,Central District,28.634851,77.210371,Power Outage,Substation tripped due to flooding; restoration time unknown.,Citizen Report,7,Needs Review,High,,TRUE,Public Works,,Needs Review,2026-09-04 13:19:56.524378+00:00
RPT-01111,2026-09-04 13:45:44.509744+00:00,Old Town,28.648974,77.232293,Medical Emergency,Child with respiratory symptoms reported; possible exposure to contaminant.,Citizen Report,3,Needs Review,Medium,Video,UNKNOWN,Medical Services,,Pending,2026-09-04 14:15:46.780763+00:00
RPT-01112,2026-09-04 05:36:42.835845+00:00,South District,28.523171,77.18433,Medical Emergency,Caller reports two unconscious individuals at the site.,Field Responder,1,Verified,Exact,Unavailable,TRUE,Medical Services,,Verified,2026-09-04 06:11:22.783485+00:00
RPT-01113,2026-09-04 15:38:15.126407+00:00,South District,28.487852,77.187379,Structural Damage,Overhead bridge shows signs of structural instability; area cordoned off.,Field Responder,8,Needs Review,Exact,,TRUE,Public Works,High,Needs Review,2026-09-04 15:38:56.028946+00:00
RPT-01114,2026-09-04 11:29:14.813410+00:00,East District,28.612087,77.34887,Power Outage,Power lines down across the main avenue; risk of electrocution.,Sensor,17,Pending,Exact,Unavailable,TRUE,Emergency Services,Medium,Needs Review,2026-09-04 12:35:40.819905+00:00
RPT-01115,2026-09-02 03:16:50.753673+00:00,East District,28.62718,77.362481,Structural Damage,Building foundation appears compromised; residents evacuated as precaution.,Emergency Call,2,Needs Review,High,Photo,UNKNOWN,Disaster Management,Critical,Pending,2026-09-02 17:30:29.807913+00:00
RPT-01116,2026-09-04 11:54:11.255710+00:00,East District,28.621235,77.360437,Structural Damage,House wall leaning dangerously; occupants requested to vacate premises.,Department Report,1,Rejected,Exact,Video,TRUE,Emergency Services,High,Rejected,2026-09-04 12:22:31.371381+00:00
RPT-01117,2026-09-02 03:35:22.461351+00:00,East District,28.622567,77.344143,Road Flooding,Drainage overflow causing road flooding; pedestrian safety at risk.,Citizen Report,2,Verified,Low,Photo,TRUE,Emergency Services,Low,Verified,2026-09-02 13:36:52.031555+00:00
RPT-01118,2026-09-04 15:19:54.277879+00:00,East District,28.614388,77.325226,Water Contamination,Multiple residents hospitalised with gastrointestinal symptoms after water consumption.,Field Responder,8,Needs Review,Medium,Unavailable,UNKNOWN,Medical Services,High,Pending,2026-09-04 15:30:40.750958+00:00
RPT-01119,,East District,28.637163,77.343368,Structural Damage,Multiple reports of ceiling damage in adjacent buildings after tremor.,Department Report,4,Rejected,Exact,Photo,TRUE,Disaster Management,High,Rejected,
RPT-01120,2026-09-04 14:07:44.485387+00:00,East District,28.628744,77.372721,Water Contamination,Illegal industrial discharge suspected to have contaminated water source.,Field Responder,6,Pending,Low,,UNKNOWN,Public Works,Critical,Pending,2026-09-04 14:33:37.928039+00:00
RPT-01121,2026-09-03 18:49:38.378392+00:00,South District,28.503028,77.175321,Structural Damage,Roof section collapsed on commercial premises; no injuries reported yet.,Field Responder,4,Pending,High,Video,TRUE,Disaster Management,High,Pending,2026-09-03 22:22:07.414165+00:00
RPT-01122,2026-09-04 14:14:58.661866+00:00,Riverside,28.674988,77.280097,Water Contamination,Water department confirms contamination in sector; do-not-drink advisory issued.,Sensor,11,Needs Review,Low,Photo,FALSE,Public Works,High,Pending,2026-09-04 14:29:27.699148+00:00
RPT-01123,2026-09-04 05:11:43.983632+00:00,Central District,28.630461,77.217651,Power Outage,Transformer explosion reported; area in complete darkness.,Department Report,4,Verified,High,Photo,TRUE,Electricity Department,Medium,Verified,2026-09-04 07:01:19.938391+00:00
RPT-01124,2026-09-03 05:15:55.947361+00:00,North District,28.7365,77.11243,Power Outage,Substation tripped due to flooding; restoration time unknown.,Emergency Call,16,Verified,Exact,Video,TRUE,Emergency Services,Critical,Verified,2026-09-03 05:20:40.879641+00:00
RPT-01125,2026-09-03 05:34:08.984406+00:00,South District,28.489581,77.167846,Road Flooding,Low-lying road completely inundated following storm surge.,Citizen Report,1,Rejected,Low,Photo,TRUE,Public Works,Medium,Rejected,2026-09-03 15:19:57.679113+00:00
RPT-01126,2026-09-04 15:47:54.397156+00:00,Old Town,28.649846,77.23432,Evacuation Needed,Residents refusing to evacuate despite imminent structural risk.,Sensor,16,Verified,Exact,Audio,TRUE,Emergency Services,High,Verified,2026-09-04 15:49:59.620761+00:00
RPT-01127,2026-09-01 22:32:30.193587+00:00,North District,28.741179,77.122691,Medical Emergency,Emergency call received about a person trapped and showing signs of distress.,Department Report,1,Needs Review,Medium,Unavailable,UNKNOWN,Emergency Services,Low,Needs Review,2026-09-02 12:14:36.796428+00:00
RPT-01128,2026-09-04 14:40:23.755964+00:00,South District,28.49328,77.171416,Evacuation Needed,Mandatory evacuation ordered for low-lying residential blocks.,Emergency Call,8,Verified,High,Photo,TRUE,Public Works,Critical,Verified,2026-09-04 14:48:28.674844+00:00
RPT-01129,2026-09-04 14:32:04.242997+00:00,Industrial Zone,28.579181,77.087105,Medical Emergency,Mass casualty event suspected following building partial collapse.,Citizen Report,0,Needs Review,Medium,Video,TRUE,Medical Services,,Pending,2026-09-04 14:43:09.130998+00:00
RPT-01130,2026-09-04 07:46:09.108449+00:00,Old Town,28.663844,77.224222,Medical Emergency,Child with respiratory symptoms reported; possible exposure to contaminant.,Emergency Call,3,Verified,High,Photo,TRUE,Emergency Services,Low,Verified,2026-09-04 08:46:01.994784+00:00
RPT-01131,2026-09-04 11:20:55.081500+00:00,Old Town,28.657009,77.237595,Structural Damage,Overhead bridge shows signs of structural instability; area cordoned off.,Emergency Call,7,Verified,High,Video,TRUE,Disaster Management,Medium,Verified,2026-09-04 11:32:17.495954+00:00
RPT-01132,2026-09-03 05:47:43.955591+00:00,North District,28.745432,77.104859,Structural Damage,Cracks reported on the exterior walls of the apartment block.,Field Responder,2,Verified,Medium,Photo,TRUE,Emergency Services,Medium,Verified,2026-09-03 08:12:03.628451+00:00
RPT-01133,2026-09-04 12:45:17.210752+00:00,Central District,28.637223,77.214399,Evacuation Needed,Mass evacuation of high-rise building due to fire and smoke.,Sensor,14,Rejected,Medium,Unavailable,TRUE,Public Works,Critical,Rejected,2026-09-04 13:04:17.011271+00:00
RPT-01134,2026-09-03 16:53:21.606963+00:00,West District,28.637822,76.957219,Power Outage,Electricity supply disrupted; hospitals on backup generators.,Sensor,20,Pending,High,Photo,UNKNOWN,Public Works,Medium,Pending,2026-09-03 20:53:24.280194+00:00
RPT-01135,2026-09-04 12:02:26.941290+00:00,Industrial Zone,28.579239,77.09071,Power Outage,Street lighting out; increased security risk in affected area.,Emergency Call,20,Verified,Exact,,TRUE,Electricity Department,,Verified,2026-09-04 13:08:14.109552+00:00
RPT-01136,2026-09-04 12:44:36.581409+00:00,Central District,28.632847,77.222749,Evacuation Needed,Families stranded; evacuation routes blocked by debris.,Field Responder,25,Needs Review,Low,Unavailable,UNKNOWN,Emergency Services,High,Pending,2026-09-04 13:33:44.797998+00:00
RPT-01137,2026-09-03 08:46:11.400402+00:00,Industrial Zone,28.574404,77.087233,Water Contamination,Pipe burst near waste facility; contamination risk flagged by engineers.,Emergency Call,1,Needs Review,Exact,Photo,TRUE,Water Department,Medium,Pending,2026-09-03 09:22:09.472645+00:00
RPT-01138,2026-09-02 23:03:01.577948+00:00,North District,28.760308,77.13523,Road Flooding,Waterlogging observed along the central corridor; traffic diverted.,Emergency Call,11,Pending,Medium,Photo,UNKNOWN,Public Works,Low,Needs Review,2026-09-03 06:20:58.778293+00:00
RPT-01139,2026-09-03 07:46:36.156540+00:00,Old Town,28.660954,77.228279,Power Outage,Complete power failure affecting an estimated 500 households.,Citizen Report,13,Verified,Exact,,TRUE,Electricity Department,Low,Verified,2026-09-03 09:54:45.003124+00:00
RPT-01140,2026-09-02 14:10:19.464902+00:00,Riverside,28.672585,77.271208,Evacuation Needed,Rising floodwater threatening neighbourhood; evacuation in progress.,Department Report,4,Needs Review,Low,Photo,TRUE,Emergency Services,Critical,Needs Review,2026-09-02 14:31:45.035017+00:00
RPT-01141,2026-09-04 04:01:50.415027+00:00,Industrial Zone,28.581761,77.069242,Medical Emergency,Caller reports two unconscious individuals at the site.,Emergency Call,3,Needs Review,High,,TRUE,Medical Services,Low,Needs Review,2026-09-04 06:24:00.042085+00:00
RPT-01142,2026-09-04 14:16:21.224625+00:00,South District,28.493689,77.181652,Power Outage,Electricity supply disrupted; hospitals on backup generators.,Sensor,6,Needs Review,Exact,Photo,UNKNOWN,Public Works,,Pending,2026-09-04 14:34:44.713358+00:00
RPT-01143,2026-09-04 15:27:49.160159+00:00,East District,28.613127,77.352884,Power Outage,Complete power failure affecting an estimated 500 households.,Sensor,6,Verified,Exact,,TRUE,Electricity Department,Medium,Verified,2026-09-04 15:31:19.465346+00:00
RPT-01144,2026-09-04 14:16:16.699013+00:00,West District,28.645253,76.950912,Road Flooding,Low-lying road completely inundated following storm surge.,Sensor,11,Needs Review,Exact,,UNKNOWN,Public Works,High,Pending,2026-09-04 14:29:29.448040+00:00
RPT-01145,2026-09-02 21:14:39.986870+00:00,Riverside,28.67002,77.264779,Medical Emergency,Caller reports two unconscious individuals at the site.,Emergency Call,0,Pending,High,Audio,UNKNOWN,Emergency Services,,Pending,2026-09-03 00:33:13.699563+00:00
RPT-01146,2026-09-01 18:44:47.572426+00:00,West District,28.637663,76.972168,Road Flooding,Road submerged after heavy rainfall; residents warned to avoid the area.,Citizen Report,7,Pending,Medium,Photo,TRUE,Disaster Management,Medium,Pending,2026-09-02 08:29:18.333126+00:00
RPT-01147,2026-09-04 15:14:35.309402+00:00,North District,28.730934,77.129167,Power Outage,Street lighting out; increased security risk in affected area.,Citizen Report,17,Verified,Low,Photo,TRUE,Emergency Services,,Verified,2026-09-04 15:15:56.009530+00:00
RPT-01148,2026-09-04 05:43:08.596524+00:00,South District,28.493375,77.18144,Power Outage,Multiple reports of ceiling damage in adjacent buildings after tremor.,Department Report,7,Verified,High,Photo,TRUE,Public Works,Critical,Verified,2026-09-04 06:11:47.174386+00:00
RPT-01149,2026-09-04 03:22:00.372981+00:00,Central District,28.6269,77.20273,Evacuation Needed,Mandatory evacuation ordered for low-lying residential blocks.,Department Report,17,Verified,Low,Photo,UNKNOWN,Emergency Services,High,Verified,2026-09-04 03:41:09.114476+00:00
RPT-01150,2026-09-04 15:47:29.793495+00:00,North District,28.750828,77.131027,Medical Emergency,Multiple casualties reported at scene; medical teams needed urgently.,Department Report,0,Pending,Exact,Photo,TRUE,Medical Services,Low,Needs Review,2026-09-04 15:48:08.113174+00:00
RPT-01151,2026-09-03 17:27:49.999463+00:00,Central District,28.628714,77.21529,Evacuation Needed,Residents refusing to evacuate despite imminent structural risk.,Emergency Call,8,Needs Review,Low,Video,UNKNOWN,Emergency Services,High,Pending,2026-09-03 21:13:29.609792+00:00
RPT-01152,2026-09-04 15:21:25.763071+00:00,Central District,28.631732,77.223164,Power Outage,Repeated fluctuations followed by complete outage; residents concerned.,Sensor,20,Pending,Medium,Video,UNKNOWN,Emergency Services,Low,Needs Review,2026-09-04 15:29:16.113432+00:00
RPT-01153,2026-09-04 14:11:37.002237+00:00,Central District,28.628212,77.228317,Structural Damage,Overhead bridge shows signs of structural instability; area cordoned off.,Field Responder,5,Needs Review,High,Video,TRUE,Disaster Management,Critical,Pending,2026-09-04 14:31:00.703354+00:00
RPT-01154,2026-09-04 13:06:43.620814+00:00,Riverside,28.676144,77.274434,Water Contamination,Pipe burst near waste facility; contamination risk flagged by engineers.,Citizen Report,10,Needs Review,Low,Photo,TRUE,Emergency Services,High,Needs Review,2026-09-04 13:55:06.924973+00:00
RPT-01155,2026-09-04 15:50:56.714344+00:00,West District,28.639009,76.960904,Medical Emergency,Multiple casualties reported at scene; medical teams needed urgently.,Citizen Report,2,Verified,High,Photo,TRUE,Medical Services,,Verified,2026-09-04 15:51:55.237244+00:00
RPT-01156,2026-09-03 19:32:12.311506+00:00,North District,28.742611,77.107106,Structural Damage,Field responder confirms structural cracks on load-bearing column.,Field Responder,5,Rejected,Medium,Photo,UNKNOWN,Public Works,Medium,Rejected,2026-09-03 20:27:55.122647+00:00
RPT-01157,2026-09-04 12:36:28.912276+00:00,Industrial Zone,28.580588,77.086548,Water Contamination,Blue-green algae bloom observed in reservoir; water supply may be affected.,Department Report,13,Pending,Exact,Unavailable,TRUE,Medical Services,Critical,Pending,2026-09-04 12:52:04.182171+00:00
RPT-01158,2026-09-03 23:35:04.885492+00:00,Riverside,28.672219,77.272327,Evacuation Needed,Rising floodwater threatening neighbourhood; evacuation in progress.,Field Responder,21,Verified,High,Photo,UNKNOWN,Emergency Services,Critical,Verified,2026-09-04 03:36:18.004288+00:00
RPT-01159,2026-09-04 11:48:20.834403+00:00,South District,28.505857,77.177704,Structural Damage,Roof section collapsed on commercial premises; no injuries reported yet.,Field Responder,1,Needs Review,Medium,Video,UNKNOWN,Disaster Management,Critical,Needs Review,2026-09-04 13:02:17.097985+00:00
RPT-01160,2026-09-04 11:40:07.896482+00:00,South District,28.492348,77.178198,Road Flooding,Residents report rapidly rising water levels along the service road.,Field Responder,12,Pending,Exact,Photo,TRUE,Emergency Services,Medium,Pending,2026-09-04 12:18:50.579596+00:00
RPT-01161,2026-09-03 19:34:47.886635+00:00,Old Town,28.655143,77.235203,Evacuation Needed,Rising floodwater threatening neighbourhood; evacuation in progress.,Emergency Call,12,Needs Review,Low,Audio,TRUE,Disaster Management,Critical,Needs Review,2026-09-03 23:36:13.972151+00:00
RPT-01162,2026-09-04 10:45:56.082398+00:00,Industrial Zone,28.58163,77.074844,Water Contamination,Illegal industrial discharge suspected to have contaminated water source.,Department Report,2,Pending,High,Photo,FALSE,Medical Services,Critical,Pending,2026-09-04 10:56:27.359220+00:00
RPT-01163,2026-09-02 00:11:12.572942+00:00,South District,28.516822,77.192819,Evacuation Needed,Evacuation order issued for industrial zone due to hazardous spill.,Citizen Report,21,Verified,Low,Photo,TRUE,Public Works,Critical,Verified,2026-09-02 00:23:52.619948+00:00
RPT-01164,2026-09-04 15:52:06.556134+00:00,East District,28.61922,77.346545,Road Flooding,Road submerged after heavy rainfall; residents warned to avoid the area.,Emergency Call,3,Verified,Medium,Photo,TRUE,Disaster Management,Medium,Verified,2026-09-04 15:52:10.588363+00:00
RPT-01165,2026-09-04 11:09:32.051816+00:00,West District,28.639529,76.949809,Evacuation Needed,Multiple elderly residents require assisted evacuation support.,Emergency Call,24,Needs Review,Exact,Unavailable,TRUE,Disaster Management,High,Needs Review,2026-09-04 11:23:40.534145+00:00
RPT-01166,2026-09-04 15:51:53.544826+00:00,West District,28.644495,76.961434,Structural Damage,Old structure shows severe erosion damage; engineer inspection required.,Field Responder,3,Pending,High,,UNKNOWN,Disaster Management,Medium,Needs Review,2026-09-04 15:52:03.897814+00:00
RPT-01167,2026-09-03 20:40:28.824963+00:00,East District,28.616988,77.352821,Medical Emergency,Person found unresponsive; bystanders performing CPR; ambulance en route.,Citizen Report,0,Verified,High,Unavailable,TRUE,Medical Services,,Verified,2026-09-03 21:58:45.142616+00:00
RPT-01168,2026-09-03 07:08:56.141566+00:00,West District,28.636993,76.955219,Water Contamination,Illegal industrial discharge suspected to have contaminated water source.,Emergency Call,12,Rejected,Unknown,,FALSE,Emergency Services,High,Rejected,2026-09-03 15:57:43.756159+00:00
RPT-01169,2026-09-02 04:16:35.392594+00:00,North District,28.737552,77.12791,Water Contamination,Water samples show elevated turbidity following pipeline damage.,Citizen Report,15,Rejected,Exact,Audio,TRUE,Water Department,Critical,Rejected,2026-09-02 08:42:16.958198+00:00
RPT-01170,2026-09-04 11:00:40.436032+00:00,Old Town,28.657303,77.229193,Medical Emergency,Multiple casualties reported at scene; medical teams needed urgently.,Department Report,4,Verified,High,,TRUE,Emergency Services,,Verified,2026-09-04 11:02:09.152664+00:00
RPT-01171,2026-09-04 11:34:34.401810+00:00,Riverside,28.667524,77.25949,Medical Emergency,Multiple casualties reported at scene; medical teams needed urgently.,Department Report,1,Verified,High,Photo,TRUE,Emergency Services,,Verified,2026-09-04 12:44:42.685156+00:00
RPT-01172,2026-09-04 14:37:06.887003+00:00,Central District,28.625988,77.210098,Structural Damage,Roof section collapsed on commercial premises; no injuries reported yet.,Sensor,0,Needs Review,Medium,Unavailable,TRUE,Public Works,Critical,Needs Review,2026-09-04 14:47:14.717646+00:00
RPT-01173,2026-09-03 15:11:23.897973+00:00,Industrial Zone,28.570787,77.081105,Evacuation Needed,Evacuation order issued for industrial zone due to hazardous spill.,Sensor,11,Verified,Low,Unavailable,FALSE,Disaster Management,Critical,Verified,2026-09-03 17:14:18.689677+00:00
RPT-01174,,Central District,28.635079,77.225787,Evacuation Needed,Mass evacuation of high-rise building due to fire and smoke.,Emergency Call,21,Verified,Medium,Audio,TRUE,Emergency Services,Critical,Verified,
RPT-01175,2026-09-04 14:53:46.455219+00:00,North District,28.749168,77.130412,Evacuation Needed,Mass evacuation of high-rise building due to fire and smoke.,Sensor,8,Pending,Low,Photo,TRUE,Emergency Services,Critical,Pending,2026-09-04 15:01:17.474871+00:00
RPT-01176,2026-09-03 12:10:36.652871+00:00,North District,28.753362,77.11363,Road Flooding,Drainage overflow causing road flooding; pedestrian safety at risk.,Field Responder,12,Pending,High,Video,UNKNOWN,Disaster Management,Low,Pending,2026-09-03 14:43:08.413770+00:00
RPT-01177,2026-09-04 06:49:51.137674+00:00,Old Town,28.654295,77.24175,Evacuation Needed,Families stranded; evacuation routes blocked by debris.,Field Responder,3,Needs Review,Medium,Unavailable,UNKNOWN,Disaster Management,High,Pending,2026-09-04 07:24:47.218554+00:00
RPT-01178,2026-09-04 14:55:55.013071+00:00,Industrial Zone,28.592101,77.091007,Water Contamination,Chemical smell detected in municipal water supply in the district.,Emergency Call,7,Needs Review,Exact,Video,UNKNOWN,Water Department,High,Pending,2026-09-04 15:05:49.612728+00:00
RPT-01179,2026-09-03 05:43:08.259029+00:00,North District,28.738568,77.119771,Evacuation Needed,Rising floodwater threatening neighbourhood; evacuation in progress.,Citizen Report,0,Needs Review,Low,Video,TRUE,Emergency Services,Critical,Needs Review,2026-09-03 14:50:36.707453+00:00
RPT-01180,2026-09-04 10:13:56.736067+00:00,Central District,28.634346,77.218105,Power Outage,Transformer explosion reported; area in complete darkness.,Emergency Call,10,Verified,High,Unavailable,UNKNOWN,Public Works,Low,Verified,2026-09-04 11:38:10.011214+00:00
RPT-01181,2026-09-04 13:14:09.194844+00:00,Industrial Zone,28.587857,77.091873,Road Flooding,Road submerged after heavy rainfall; residents warned to avoid the area.,Citizen Report,6,Needs Review,High,Video,TRUE,Disaster Management,High,Needs Review,2026-09-04 14:00:00.370997+00:00
RPT-01182,2026-09-04 11:12:35.971172+00:00,Riverside,28.67082,77.283853,Road Flooding,Emergency vehicles unable to reach destination due to flooded road.,Emergency Call,4,Verified,Low,,TRUE,Emergency Services,Medium,Verified,2026-09-04 11:40:22.819955+00:00
RPT-01183,2026-09-03 19:33:01.005886+00:00,Riverside,28.67371,77.280233,Medical Emergency,Person found unresponsive; bystanders performing CPR; ambulance en route.,Emergency Call,3,Pending,High,Unavailable,TRUE,Emergency Services,,Pending,2026-09-03 20:34:03.013791+00:00
RPT-01184,2026-09-04 14:20:50.019426+00:00,Industrial Zone,28.583199,77.084046,Structural Damage,Old structure shows severe erosion damage; engineer inspection required.,Field Responder,2,Verified,High,Photo,TRUE,Public Works,Critical,Verified,2026-09-04 14:36:17.336472+00:00
RPT-01185,2026-09-04 00:42:45.663122+00:00,Riverside,28.664068,77.266753,Evacuation Needed,Rising floodwater threatening neighbourhood; evacuation in progress.,Emergency Call,21,Verified,Medium,Unavailable,TRUE,Emergency Services,High,Verified,2026-09-04 04:38:24.208690+00:00
RPT-01186,2026-09-04 12:54:56.245554+00:00,Riverside,28.664486,77.270559,Evacuation Needed,Mass evacuation of high-rise building due to fire and smoke.,Citizen Report,19,Needs Review,High,Video,TRUE,Disaster Management,High,Needs Review,2026-09-04 13:19:43.889728+00:00
RPT-01187,2026-09-02 20:15:28.471137+00:00,West District,28.63726,76.954324,Power Outage,Electricity supply disrupted; hospitals on backup generators.,Citizen Report,5,Verified,Medium,Unavailable,TRUE,Electricity Department,Low,Verified,2026-09-02 22:52:19.250497+00:00
RPT-01188,2026-09-04 05:25:05.457986+00:00,West District,28.64565,76.951656,Evacuation Needed,Evacuation order issued for industrial zone due to hazardous spill.,Sensor,6,Verified,High,Unavailable,TRUE,Emergency Services,High,Verified,2026-09-04 06:03:11.918719+00:00
RPT-01189,2026-09-04 15:11:59.126678+00:00,Industrial Zone,28.587955,77.075889,Structural Damage,Partial collapse of boundary wall after last night's storm.,Department Report,5,Pending,High,,TRUE,Disaster Management,Medium,Needs Review,2026-09-04 15:19:28.060447+00:00
RPT-01190,2026-09-04 06:38:55.541936+00:00,Riverside,28.671811,77.275919,Road Flooding,"Floodwater covering the intersection, depth estimated at 30 cm.",Emergency Call,5,Pending,High,,UNKNOWN,Disaster Management,Low,Needs Review,2026-09-04 08:04:36.998057+00:00
RPT-01191,2026-09-02 19:05:05.305760+00:00,Old Town,28.656475,77.234491,Water Contamination,Chemical smell detected in municipal water supply in the district.,Field Responder,12,Verified,High,Unavailable,TRUE,Emergency Services,High,Verified,2026-09-02 19:57:49.516582+00:00
RPT-01192,2026-09-04 15:56:22.906984+00:00,East District,28.611075,77.343148,Medical Emergency,Person found unresponsive; bystanders performing CPR; ambulance en route.,Citizen Report,4,Verified,High,Photo,TRUE,Emergency Services,,Verified,2026-09-04 15:56:25.800437+00:00
RPT-01193,2026-09-04 15:11:44.959073+00:00,West District,28.631294,76.944244,Medical Emergency,Mass casualty event suspected following building partial collapse.,Emergency Call,4,Verified,High,Video,TRUE,Medical Services,,Verified,2026-09-04 15:20:34.088580+00:00
RPT-01194,2026-09-03 01:35:26.023084+00:00,Central District,28.619605,77.207106,Evacuation Needed,Neighbourhood cordoned off; evacuation underway with police assistance.,Sensor,20,Rejected,Medium,Audio,TRUE,Disaster Management,High,Rejected,2026-09-03 08:53:56.725295+00:00
RPT-01195,2026-09-04 10:21:36.551100+00:00,East District,28.632401,77.344469,Evacuation Needed,Rising floodwater threatening neighbourhood; evacuation in progress.,Sensor,17,Pending,Exact,Video,FALSE,Emergency Services,High,Needs Review,2026-09-04 11:46:41.264402+00:00
RPT-01196,2026-09-04 15:07:25.136815+00:00,West District,28.628819,76.933256,Power Outage,Electricity supply disrupted; hospitals on backup generators.,Citizen Report,20,Verified,Low,,UNKNOWN,Electricity Department,Low,Verified,2026-09-04 15:08:53.270171+00:00
RPT-01197,2026-09-04 10:56:27.553851+00:00,Industrial Zone,28.565353,77.080412,Structural Damage,Cracks reported on the exterior walls of the apartment block.,Department Report,3,Verified,Exact,Unavailable,TRUE,Public Works,Medium,Verified,2026-09-04 12:12:59.010274+00:00
RPT-01198,2026-09-04 11:38:26.017481+00:00,West District,28.62199,76.931435,Evacuation Needed,Residents refusing to evacuate despite imminent structural risk.,Sensor,3,Needs Review,Medium,Video,UNKNOWN,Disaster Management,High,Needs Review,2026-09-04 12:07:09.533223+00:00
RPT-01199,2026-09-04 08:37:50.039695+00:00,Industrial Zone,28.575623,77.076827,Medical Emergency,Elderly resident collapsed; ambulance requested immediately.,Field Responder,5,Needs Review,High,,TRUE,Medical Services,Low,Pending,2026-09-04 10:15:53.756320+00:00
RPT-01200,2026-09-04 07:09:34.566490+00:00,South District,28.525175,77.181984,Evacuation Needed,Evacuation order issued for industrial zone due to hazardous spill.,Sensor,23,Pending,Low,Photo,TRUE,Disaster Management,High,Needs Review,2026-09-04 07:18:55.294577+00:00
